file_name,path,subject,real_age,predicted,spread,detected,face_frac,padded
001A02.JPG,/Users/horganm0/.copilot/repos/copilot-worktrees/age-estimator/horganm0-risk-cautious-journey/data/fgnet_raw/FGNET/images/001A02.JPG,1,2,2.0,2.0,True,0.5118306279182434,False
001A05.JPG,/Users/horganm0/.copilot/repos/copilot-worktrees/age-estimator/horganm0-risk-cautious-journey/data/fgnet_raw/FGNET/images/001A05.JPG,1,5,8.0,2.0,True,0.6400712728500366,False
001A08.JPG,/Users/horganm0/.copilot/repos/copilot-worktrees/age-estimator/horganm0-risk-cautious-journey/data/fgnet_raw/FGNET/images/001A08.JPG,1,8,12.0,8.0,True,0.5989680290222168,False
001A10.JPG,/Users/horganm0/.copilot/repos/copilot-worktrees/age-estimator/horganm0-risk-cautious-journey/data/fgnet_raw/FGNET/images/001A10.JPG,1,10,20.0,6.0,True,0.5598706603050232,False
001A14.JPG,/Users/horganm0/.copilot/repos/copilot-worktrees/age-estimator/horganm0-risk-cautious-journey/data/fgnet_raw/FGNET/images/001A14.JPG,1,14,22.0,9.0,True,0.6113618612289429,False
001A16.JPG,/Users/horganm0/.copilot/repos/copilot-worktrees/age-estimator/horganm0-risk-cautious-journey/data/fgnet_raw/FGNET/images/001A16.JPG,1,16,21.0,8.0,True,0.656862199306488,False
001A18.JPG,/Users/horganm0/.copilot/repos/copilot-worktrees/age-estimator/horganm0-risk-cautious-journey/data/fgnet_raw/FGNET/images/001A18.JPG,1,18,45.0,21.0,True,0.7002863883972168,False
001A19.JPG,/Users/horganm0/.copilot/repos/copilot-worktrees/age-estimator/horganm0-risk-cautious-journey/data/fgnet_raw/FGNET/images/001A19.JPG,1,19,26.0,4.0,True,0.705737829208374,True
001A22.JPG,/Users/horganm0/.copilot/repos/copilot-worktrees/age-estimator/horganm0-risk-cautious-journey/data/fgnet_raw/FGNET/images/001A22.JPG,1,22,36.0,11.0,True,0.5948525071144104,False
001A28.JPG,/Users/horganm0/.copilot/repos/copilot-worktrees/age-estimator/horganm0-risk-cautious-journey/data/fgnet_raw/FGNET/images/001A28.JPG,1,28,30.0,10.0,True,0.68063884973526,False
001A29.JPG,/Users/horganm0/.copilot/repos/copilot-worktrees/age-estimator/horganm0-risk-cautious-journey/data/fgnet_raw/FGNET/images/001A29.JPG,1,29,36.0,8.0,True,0.7717576026916504,True
001A33.JPG,/Users/horganm0/.copilot/repos/copilot-worktrees/age-estimator/horganm0-risk-cautious-journey/data/fgnet_raw/FGNET/images/001A33.JPG,1,33,39.0,19.0,True,0.7668665051460266,True
001A40.JPG,/Users/horganm0/.copilot/repos/copilot-worktrees/age-estimator/horganm0-risk-cautious-journey/data/fgnet_raw/FGNET/images/001A40.JPG,1,40,43.0,15.0,True,0.6915929317474365,False
001A43a.JPG,/Users/horganm0/.copilot/repos/copilot-worktrees/age-estimator/horganm0-risk-cautious-journey/data/fgnet_raw/FGNET/images/001A43a.JPG,1,43,50.0,13.0,True,0.7555139064788818,False
001A43b.JPG,/Users/horganm0/.copilot/repos/copilot-worktrees/age-estimator/horganm0-risk-cautious-journey/data/fgnet_raw/FGNET/images/001A43b.JPG,1,43,48.0,15.0,True,0.7290067672729492,False
002A03.JPG,/Users/horganm0/.copilot/repos/copilot-worktrees/age-estimator/horganm0-risk-cautious-journey/data/fgnet_raw/FGNET/images/002A03.JPG,2,3,8.0,1.0,True,0.6236105561256409,False
002A04.JPG,/Users/horganm0/.copilot/repos/copilot-worktrees/age-estimator/horganm0-risk-cautious-journey/data/fgnet_raw/FGNET/images/002A04.JPG,2,4,8.0,1.0,True,0.7195083498954773,False
002A05.JPG,/Users/horganm0/.copilot/repos/copilot-worktrees/age-estimator/horganm0-risk-cautious-journey/data/fgnet_raw/FGNET/images/002A05.JPG,2,5,8.0,0.0,True,0.6365890502929688,False
002A07.JPG,/Users/horganm0/.copilot/repos/copilot-worktrees/age-estimator/horganm0-risk-cautious-journey/data/fgnet_raw/FGNET/images/002A07.JPG,2,7,8.0,6.0,True,0.7058626413345337,False
002A12.JPG,/Users/horganm0/.copilot/repos/copilot-worktrees/age-estimator/horganm0-risk-cautious-journey/data/fgnet_raw/FGNET/images/002A12.JPG,2,12,21.0,11.0,True,0.6916812062263489,True
002A15.JPG,/Users/horganm0/.copilot/repos/copilot-worktrees/age-estimator/horganm0-risk-cautious-journey/data/fgnet_raw/FGNET/images/002A15.JPG,2,15,21.0,4.0,True,0.6428781151771545,False
002A16.JPG,/Users/horganm0/.copilot/repos/copilot-worktrees/age-estimator/horganm0-risk-cautious-journey/data/fgnet_raw/FGNET/images/002A16.JPG,2,16,17.0,8.0,True,0.787744402885437,False
002A18.JPG,/Users/horganm0/.copilot/repos/copilot-worktrees/age-estimator/horganm0-risk-cautious-journey/data/fgnet_raw/FGNET/images/002A18.JPG,2,18,17.0,2.0,True,0.7594495415687561,False
002A20.JPG,/Users/horganm0/.copilot/repos/copilot-worktrees/age-estimator/horganm0-risk-cautious-journey/data/fgnet_raw/FGNET/images/002A20.JPG,2,20,25.0,12.0,True,0.6904472708702087,False
002A21.JPG,/Users/horganm0/.copilot/repos/copilot-worktrees/age-estimator/horganm0-risk-cautious-journey/data/fgnet_raw/FGNET/images/002A21.JPG,2,21,27.0,7.0,True,0.7261724472045898,False
002A23.JPG,/Users/horganm0/.copilot/repos/copilot-worktrees/age-estimator/horganm0-risk-cautious-journey/data/fgnet_raw/FGNET/images/002A23.JPG,2,23,21.0,12.0,True,0.7751137614250183,True
002A26.JPG,/Users/horganm0/.copilot/repos/copilot-worktrees/age-estimator/horganm0-risk-cautious-journey/data/fgnet_raw/FGNET/images/002A26.JPG,2,26,31.0,9.0,True,0.6764199733734131,False
002A29.JPG,/Users/horganm0/.copilot/repos/copilot-worktrees/age-estimator/horganm0-risk-cautious-journey/data/fgnet_raw/FGNET/images/002A29.JPG,2,29,29.0,13.0,True,0.7219834327697754,False
002A31.JPG,/Users/horganm0/.copilot/repos/copilot-worktrees/age-estimator/horganm0-risk-cautious-journey/data/fgnet_raw/FGNET/images/002A31.JPG,2,31,25.0,11.0,True,0.6902960538864136,False
002A36.JPG,/Users/horganm0/.copilot/repos/copilot-worktrees/age-estimator/horganm0-risk-cautious-journey/data/fgnet_raw/FGNET/images/002A36.JPG,2,36,21.0,12.0,True,0.6731821894645691,False
002A38.JPG,/Users/horganm0/.copilot/repos/copilot-worktrees/age-estimator/horganm0-risk-cautious-journey/data/fgnet_raw/FGNET/images/002A38.JPG,2,38,35.0,34.0,True,0.7335831522941589,False
003A18.JPG,/Users/horganm0/.copilot/repos/copilot-worktrees/age-estimator/horganm0-risk-cautious-journey/data/fgnet_raw/FGNET/images/003A18.JPG,3,18,24.0,6.0,True,0.7198166251182556,False
003A20.JPG,/Users/horganm0/.copilot/repos/copilot-worktrees/age-estimator/horganm0-risk-cautious-journey/data/fgnet_raw/FGNET/images/003A20.JPG,3,20,28.0,10.0,True,0.6574679017066956,False
003A23.JPG,/Users/horganm0/.copilot/repos/copilot-worktrees/age-estimator/horganm0-risk-cautious-journey/data/fgnet_raw/FGNET/images/003A23.JPG,3,23,29.0,4.0,True,0.6621518135070801,False
003A25.JPG,/Users/horganm0/.copilot/repos/copilot-worktrees/age-estimator/horganm0-risk-cautious-journey/data/fgnet_raw/FGNET/images/003A25.JPG,3,25,26.0,8.0,True,0.6528838276863098,False
003A35.JPG,/Users/horganm0/.copilot/repos/copilot-worktrees/age-estimator/horganm0-risk-cautious-journey/data/fgnet_raw/FGNET/images/003A35.JPG,3,35,37.0,13.0,True,0.7391406297683716,False
003A38.JPG,/Users/horganm0/.copilot/repos/copilot-worktrees/age-estimator/horganm0-risk-cautious-journey/data/fgnet_raw/FGNET/images/003A38.JPG,3,38,40.0,13.0,True,0.6224579215049744,False
003A47.JPG,/Users/horganm0/.copilot/repos/copilot-worktrees/age-estimator/horganm0-risk-cautious-journey/data/fgnet_raw/FGNET/images/003A47.JPG,3,47,54.0,4.0,True,0.7114174365997314,False
003A49.JPG,/Users/horganm0/.copilot/repos/copilot-worktrees/age-estimator/horganm0-risk-cautious-journey/data/fgnet_raw/FGNET/images/003A49.JPG,3,49,34.0,9.0,True,0.687364399433136,False
003A51.JPG,/Users/horganm0/.copilot/repos/copilot-worktrees/age-estimator/horganm0-risk-cautious-journey/data/fgnet_raw/FGNET/images/003A51.JPG,3,51,56.0,10.0,True,0.6933302283287048,False
003A58.JPG,/Users/horganm0/.copilot/repos/copilot-worktrees/age-estimator/horganm0-risk-cautious-journey/data/fgnet_raw/FGNET/images/003A58.JPG,3,58,62.0,14.0,True,0.6621832847595215,False
003A60.JPG,/Users/horganm0/.copilot/repos/copilot-worktrees/age-estimator/horganm0-risk-cautious-journey/data/fgnet_raw/FGNET/images/003A60.JPG,3,60,65.0,14.0,True,0.7000972628593445,False
003A61.JPG,/Users/horganm0/.copilot/repos/copilot-worktrees/age-estimator/horganm0-risk-cautious-journey/data/fgnet_raw/FGNET/images/003A61.JPG,3,61,62.0,9.0,True,0.7168073654174805,True
004A19.JPG,/Users/horganm0/.copilot/repos/copilot-worktrees/age-estimator/horganm0-risk-cautious-journey/data/fgnet_raw/FGNET/images/004A19.JPG,4,19,34.0,14.0,True,0.8369391560554504,True
004A21.JPG,/Users/horganm0/.copilot/repos/copilot-worktrees/age-estimator/horganm0-risk-cautious-journey/data/fgnet_raw/FGNET/images/004A21.JPG,4,21,26.0,5.0,True,0.6823402643203735,False
004A26.JPG,/Users/horganm0/.copilot/repos/copilot-worktrees/age-estimator/horganm0-risk-cautious-journey/data/fgnet_raw/FGNET/images/004A26.JPG,4,26,28.0,9.0,True,0.785029411315918,False
004A28.JPG,/Users/horganm0/.copilot/repos/copilot-worktrees/age-estimator/horganm0-risk-cautious-journey/data/fgnet_raw/FGNET/images/004A28.JPG,4,28,28.0,4.0,True,0.7410702109336853,True
004A30.JPG,/Users/horganm0/.copilot/repos/copilot-worktrees/age-estimator/horganm0-risk-cautious-journey/data/fgnet_raw/FGNET/images/004A30.JPG,4,30,38.0,14.0,True,0.7130511403083801,True
004A37.JPG,/Users/horganm0/.copilot/repos/copilot-worktrees/age-estimator/horganm0-risk-cautious-journey/data/fgnet_raw/FGNET/images/004A37.JPG,4,37,47.0,12.0,True,0.7857307195663452,False
004A40.JPG,/Users/horganm0/.copilot/repos/copilot-worktrees/age-estimator/horganm0-risk-cautious-journey/data/fgnet_raw/FGNET/images/004A40.JPG,4,40,35.0,17.0,True,0.8259798884391785,True
004A48.JPG,/Users/horganm0/.copilot/repos/copilot-worktrees/age-estimator/horganm0-risk-cautious-journey/data/fgnet_raw/FGNET/images/004A48.JPG,4,48,35.0,4.0,True,0.7376627922058105,True
004A51.JPG,/Users/horganm0/.copilot/repos/copilot-worktrees/age-estimator/horganm0-risk-cautious-journey/data/fgnet_raw/FGNET/images/004A51.JPG,4,51,56.0,9.0,True,0.7883906364440918,True
004A53.JPG,/Users/horganm0/.copilot/repos/copilot-worktrees/age-estimator/horganm0-risk-cautious-journey/data/fgnet_raw/FGNET/images/004A53.JPG,4,53,56.0,9.0,True,0.7250765562057495,False
004A62.JPG,/Users/horganm0/.copilot/repos/copilot-worktrees/age-estimator/horganm0-risk-cautious-journey/data/fgnet_raw/FGNET/images/004A62.JPG,4,62,58.0,5.0,True,0.8262709975242615,True
004A63.JPG,/Users/horganm0/.copilot/repos/copilot-worktrees/age-estimator/horganm0-risk-cautious-journey/data/fgnet_raw/FGNET/images/004A63.JPG,4,63,62.0,5.0,True,0.684559166431427,False
005A18.JPG,/Users/horganm0/.copilot/repos/copilot-worktrees/age-estimator/horganm0-risk-cautious-journey/data/fgnet_raw/FGNET/images/005A18.JPG,5,18,22.0,7.0,True,0.6097506880760193,False
005A24.JPG,/Users/horganm0/.copilot/repos/copilot-worktrees/age-estimator/horganm0-risk-cautious-journey/data/fgnet_raw/FGNET/images/005A24.JPG,5,24,27.0,9.0,True,0.5968229174613953,False
005A30.JPG,/Users/horganm0/.copilot/repos/copilot-worktrees/age-estimator/horganm0-risk-cautious-journey/data/fgnet_raw/FGNET/images/005A30.JPG,5,30,21.0,8.0,True,0.5501409769058228,False
005A31.JPG,/Users/horganm0/.copilot/repos/copilot-worktrees/age-estimator/horganm0-risk-cautious-journey/data/fgnet_raw/FGNET/images/005A31.JPG,5,31,25.0,13.0,True,0.615891695022583,False
005A35.JPG,/Users/horganm0/.copilot/repos/copilot-worktrees/age-estimator/horganm0-risk-cautious-journey/data/fgnet_raw/FGNET/images/005A35.JPG,5,35,46.0,35.0,True,0.5820865631103516,False
005A40.JPG,/Users/horganm0/.copilot/repos/copilot-worktrees/age-estimator/horganm0-risk-cautious-journey/data/fgnet_raw/FGNET/images/005A40.JPG,5,40,56.0,11.0,True,0.6156390905380249,False
005A45.JPG,/Users/horganm0/.copilot/repos/copilot-worktrees/age-estimator/horganm0-risk-cautious-journey/data/fgnet_raw/FGNET/images/005A45.JPG,5,45,53.0,18.0,True,0.7516189813613892,True
005A48.JPG,/Users/horganm0/.copilot/repos/copilot-worktrees/age-estimator/horganm0-risk-cautious-journey/data/fgnet_raw/FGNET/images/005A48.JPG,5,48,53.0,7.0,True,0.6673352122306824,False
005A49.JPG,/Users/horganm0/.copilot/repos/copilot-worktrees/age-estimator/horganm0-risk-cautious-journey/data/fgnet_raw/FGNET/images/005A49.JPG,5,49,54.0,7.0,True,0.6456912755966187,False
005A52.JPG,/Users/horganm0/.copilot/repos/copilot-worktrees/age-estimator/horganm0-risk-cautious-journey/data/fgnet_raw/FGNET/images/005A52.JPG,5,52,22.0,23.0,True,0.6655100584030151,False
005A61.JPG,/Users/horganm0/.copilot/repos/copilot-worktrees/age-estimator/horganm0-risk-cautious-journey/data/fgnet_raw/FGNET/images/005A61.JPG,5,61,57.0,16.0,True,0.6923781037330627,False
006A24.JPG,/Users/horganm0/.copilot/repos/copilot-worktrees/age-estimator/horganm0-risk-cautious-journey/data/fgnet_raw/FGNET/images/006A24.JPG,6,24,27.0,3.0,True,0.6253975033760071,False
006A28.JPG,/Users/horganm0/.copilot/repos/copilot-worktrees/age-estimator/horganm0-risk-cautious-journey/data/fgnet_raw/FGNET/images/006A28.JPG,6,28,25.0,4.0,True,0.6683961749076843,False
006A31.JPG,/Users/horganm0/.copilot/repos/copilot-worktrees/age-estimator/horganm0-risk-cautious-journey/data/fgnet_raw/FGNET/images/006A31.JPG,6,31,36.0,6.0,True,0.6675967574119568,False
006A36.JPG,/Users/horganm0/.copilot/repos/copilot-worktrees/age-estimator/horganm0-risk-cautious-journey/data/fgnet_raw/FGNET/images/006A36.JPG,6,36,28.0,9.0,True,0.585808515548706,False
006A40.JPG,/Users/horganm0/.copilot/repos/copilot-worktrees/age-estimator/horganm0-risk-cautious-journey/data/fgnet_raw/FGNET/images/006A40.JPG,6,40,30.0,9.0,True,0.703258216381073,False
006A42.JPG,/Users/horganm0/.copilot/repos/copilot-worktrees/age-estimator/horganm0-risk-cautious-journey/data/fgnet_raw/FGNET/images/006A42.JPG,6,42,36.0,9.0,True,0.7262176275253296,False
006A46.JPG,/Users/horganm0/.copilot/repos/copilot-worktrees/age-estimator/horganm0-risk-cautious-journey/data/fgnet_raw/FGNET/images/006A46.JPG,6,46,35.0,3.0,True,0.7333188652992249,False
006A51.JPG,/Users/horganm0/.copilot/repos/copilot-worktrees/age-estimator/horganm0-risk-cautious-journey/data/fgnet_raw/FGNET/images/006A51.JPG,6,51,45.0,19.0,True,0.7857110500335693,True
006A55.JPG,/Users/horganm0/.copilot/repos/copilot-worktrees/age-estimator/horganm0-risk-cautious-journey/data/fgnet_raw/FGNET/images/006A55.JPG,6,55,55.0,5.0,True,0.6580162048339844,False
006A61.JPG,/Users/horganm0/.copilot/repos/copilot-worktrees/age-estimator/horganm0-risk-cautious-journey/data/fgnet_raw/FGNET/images/006A61.JPG,6,61,36.0,5.0,True,0.7797949314117432,False
006A67.JPG,/Users/horganm0/.copilot/repos/copilot-worktrees/age-estimator/horganm0-risk-cautious-journey/data/fgnet_raw/FGNET/images/006A67.JPG,6,67,55.0,8.0,True,0.7514541149139404,False
006A69.JPG,/Users/horganm0/.copilot/repos/copilot-worktrees/age-estimator/horganm0-risk-cautious-journey/data/fgnet_raw/FGNET/images/006A69.JPG,6,69,65.0,3.0,True,0.7308006286621094,False
007A01.JPG,/Users/horganm0/.copilot/repos/copilot-worktrees/age-estimator/horganm0-risk-cautious-journey/data/fgnet_raw/FGNET/images/007A01.JPG,7,1,2.0,2.0,True,0.5899243950843811,False
007A18.JPG,/Users/horganm0/.copilot/repos/copilot-worktrees/age-estimator/horganm0-risk-cautious-journey/data/fgnet_raw/FGNET/images/007A18.JPG,7,18,20.0,11.0,True,0.5610096454620361,False
007A22.JPG,/Users/horganm0/.copilot/repos/copilot-worktrees/age-estimator/horganm0-risk-cautious-journey/data/fgnet_raw/FGNET/images/007A22.JPG,7,22,24.0,8.0,True,0.5564500689506531,False
007A23.JPG,/Users/horganm0/.copilot/repos/copilot-worktrees/age-estimator/horganm0-risk-cautious-journey/data/fgnet_raw/FGNET/images/007A23.JPG,7,23,28.0,16.0,True,0.7557796239852905,False
007A26.JPG,/Users/horganm0/.copilot/repos/copilot-worktrees/age-estimator/horganm0-risk-cautious-journey/data/fgnet_raw/FGNET/images/007A26.JPG,7,26,29.0,14.0,True,0.6419374942779541,False
007A37.JPG,/Users/horganm0/.copilot/repos/copilot-worktrees/age-estimator/horganm0-risk-cautious-journey/data/fgnet_raw/FGNET/images/007A37.JPG,7,37,37.0,10.0,True,0.6564610600471497,False
007A38.JPG,/Users/horganm0/.copilot/repos/copilot-worktrees/age-estimator/horganm0-risk-cautious-journey/data/fgnet_raw/FGNET/images/007A38.JPG,7,38,53.0,16.0,True,0.7267282605171204,False
007A39.JPG,/Users/horganm0/.copilot/repos/copilot-worktrees/age-estimator/horganm0-risk-cautious-journey/data/fgnet_raw/FGNET/images/007A39.JPG,7,39,36.0,17.0,True,0.5874534249305725,False
007A45.JPG,/Users/horganm0/.copilot/repos/copilot-worktrees/age-estimator/horganm0-risk-cautious-journey/data/fgnet_raw/FGNET/images/007A45.JPG,7,45,39.0,17.0,True,0.6706249117851257,False
008A03.JPG,/Users/horganm0/.copilot/repos/copilot-worktrees/age-estimator/horganm0-risk-cautious-journey/data/fgnet_raw/FGNET/images/008A03.JPG,8,3,5.0,1.0,True,0.6985235810279846,False
008A06.JPG,/Users/horganm0/.copilot/repos/copilot-worktrees/age-estimator/horganm0-risk-cautious-journey/data/fgnet_raw/FGNET/images/008A06.JPG,8,6,8.0,5.0,True,0.5632975101470947,False
008A08.JPG,/Users/horganm0/.copilot/repos/copilot-worktrees/age-estimator/horganm0-risk-cautious-journey/data/fgnet_raw/FGNET/images/008A08.JPG,8,8,8.0,0.0,True,0.5584766268730164,False
008A12.JPG,/Users/horganm0/.copilot/repos/copilot-worktrees/age-estimator/horganm0-risk-cautious-journey/data/fgnet_raw/FGNET/images/008A12.JPG,8,12,18.0,2.0,True,0.5970214009284973,False
008A13.JPG,/Users/horganm0/.copilot/repos/copilot-worktrees/age-estimator/horganm0-risk-cautious-journey/data/fgnet_raw/FGNET/images/008A13.JPG,8,13,18.0,10.0,True,0.6839315295219421,False
008A16.JPG,/Users/horganm0/.copilot/repos/copilot-worktrees/age-estimator/horganm0-risk-cautious-journey/data/fgnet_raw/FGNET/images/008A16.JPG,8,16,35.0,16.0,True,0.6739102005958557,False
008A17.JPG,/Users/horganm0/.copilot/repos/copilot-worktrees/age-estimator/horganm0-risk-cautious-journey/data/fgnet_raw/FGNET/images/008A17.JPG,8,17,21.0,9.0,True,0.8173686265945435,True
008A18.JPG,/Users/horganm0/.copilot/repos/copilot-worktrees/age-estimator/horganm0-risk-cautious-journey/data/fgnet_raw/FGNET/images/008A18.JPG,8,18,26.0,4.0,True,0.6941483616828918,True
008A21.JPG,/Users/horganm0/.copilot/repos/copilot-worktrees/age-estimator/horganm0-risk-cautious-journey/data/fgnet_raw/FGNET/images/008A21.JPG,8,21,24.0,11.0,True,0.6460248827934265,False
008A29.JPG,/Users/horganm0/.copilot/repos/copilot-worktrees/age-estimator/horganm0-risk-cautious-journey/data/fgnet_raw/FGNET/images/008A29.JPG,8,29,53.0,14.0,True,0.7629856467247009,True
008A30.JPG,/Users/horganm0/.copilot/repos/copilot-worktrees/age-estimator/horganm0-risk-cautious-journey/data/fgnet_raw/FGNET/images/008A30.JPG,8,30,35.0,27.0,True,0.6522663831710815,False
008A31.JPG,/Users/horganm0/.copilot/repos/copilot-worktrees/age-estimator/horganm0-risk-cautious-journey/data/fgnet_raw/FGNET/images/008A31.JPG,8,31,38.0,27.0,True,0.6271778345108032,False
008A33.JPG,/Users/horganm0/.copilot/repos/copilot-worktrees/age-estimator/horganm0-risk-cautious-journey/data/fgnet_raw/FGNET/images/008A33.JPG,8,33,52.0,29.0,True,0.7508990168571472,False
008A35.JPG,/Users/horganm0/.copilot/repos/copilot-worktrees/age-estimator/horganm0-risk-cautious-journey/data/fgnet_raw/FGNET/images/008A35.JPG,8,35,22.0,10.0,True,0.5937846899032593,False
008A41.JPG,/Users/horganm0/.copilot/repos/copilot-worktrees/age-estimator/horganm0-risk-cautious-journey/data/fgnet_raw/FGNET/images/008A41.JPG,8,41,34.0,17.0,True,0.5823848247528076,False
009A00.JPG,/Users/horganm0/.copilot/repos/copilot-worktrees/age-estimator/horganm0-risk-cautious-journey/data/fgnet_raw/FGNET/images/009A00.JPG,9,0,2.0,1.0,True,0.6471743583679199,False
009A01.JPG,/Users/horganm0/.copilot/repos/copilot-worktrees/age-estimator/horganm0-risk-cautious-journey/data/fgnet_raw/FGNET/images/009A01.JPG,9,1,3.0,2.0,True,0.7421955466270447,True
009A03.JPG,/Users/horganm0/.copilot/repos/copilot-worktrees/age-estimator/horganm0-risk-cautious-journey/data/fgnet_raw/FGNET/images/009A03.JPG,9,3,3.0,2.0,True,0.5985217094421387,False
009A05.JPG,/Users/horganm0/.copilot/repos/copilot-worktrees/age-estimator/horganm0-risk-cautious-journey/data/fgnet_raw/FGNET/images/009A05.JPG,9,5,8.0,5.0,True,0.6100622415542603,False
009A09.JPG,/Users/horganm0/.copilot/repos/copilot-worktrees/age-estimator/horganm0-risk-cautious-journey/data/fgnet_raw/FGNET/images/009A09.JPG,9,9,10.0,4.0,True,0.5774664282798767,False
009A11.JPG,/Users/horganm0/.copilot/repos/copilot-worktrees/age-estimator/horganm0-risk-cautious-journey/data/fgnet_raw/FGNET/images/009A11.JPG,9,11,16.0,2.0,True,0.7427111268043518,True
009A13.JPG,/Users/horganm0/.copilot/repos/copilot-worktrees/age-estimator/horganm0-risk-cautious-journey/data/fgnet_raw/FGNET/images/009A13.JPG,9,13,25.0,7.0,True,0.6808262467384338,False
009A14.JPG,/Users/horganm0/.copilot/repos/copilot-worktrees/age-estimator/horganm0-risk-cautious-journey/data/fgnet_raw/FGNET/images/009A14.JPG,9,14,15.0,1.0,True,0.7513066530227661,True
009A16a.JPG,/Users/horganm0/.copilot/repos/copilot-worktrees/age-estimator/horganm0-risk-cautious-journey/data/fgnet_raw/FGNET/images/009A16a.JPG,9,16,16.0,3.0,True,0.6205325126647949,False
009A16b.JPG,/Users/horganm0/.copilot/repos/copilot-worktrees/age-estimator/horganm0-risk-cautious-journey/data/fgnet_raw/FGNET/images/009A16b.JPG,9,16,17.0,8.0,True,0.6397120952606201,True
009A18.JPG,/Users/horganm0/.copilot/repos/copilot-worktrees/age-estimator/horganm0-risk-cautious-journey/data/fgnet_raw/FGNET/images/009A18.JPG,9,18,25.0,9.0,True,0.6097513437271118,False
009A22a.JPG,/Users/horganm0/.copilot/repos/copilot-worktrees/age-estimator/horganm0-risk-cautious-journey/data/fgnet_raw/FGNET/images/009A22a.JPG,9,22,19.0,2.0,True,0.6503205299377441,False
009A22b.JPG,/Users/horganm0/.copilot/repos/copilot-worktrees/age-estimator/horganm0-risk-cautious-journey/data/fgnet_raw/FGNET/images/009A22b.JPG,9,22,19.0,10.0,True,0.6484734416007996,False
010A01.JPG,/Users/horganm0/.copilot/repos/copilot-worktrees/age-estimator/horganm0-risk-cautious-journey/data/fgnet_raw/FGNET/images/010A01.JPG,10,1,1.0,1.0,True,0.6489208936691284,False
010A04.JPG,/Users/horganm0/.copilot/repos/copilot-worktrees/age-estimator/horganm0-risk-cautious-journey/data/fgnet_raw/FGNET/images/010A04.JPG,10,4,8.0,3.0,True,0.7274597883224487,False
010A05.JPG,/Users/horganm0/.copilot/repos/copilot-worktrees/age-estimator/horganm0-risk-cautious-journey/data/fgnet_raw/FGNET/images/010A05.JPG,10,5,8.0,2.0,True,0.6212025880813599,False
010A06.JPG,/Users/horganm0/.copilot/repos/copilot-worktrees/age-estimator/horganm0-risk-cautious-journey/data/fgnet_raw/FGNET/images/010A06.JPG,10,6,8.0,3.0,True,0.6598436832427979,False
010A07a.JPG,/Users/horganm0/.copilot/repos/copilot-worktrees/age-estimator/horganm0-risk-cautious-journey/data/fgnet_raw/FGNET/images/010A07a.JPG,10,7,7.0,3.0,True,0.733113169670105,False
010A07b.JPG,/Users/horganm0/.copilot/repos/copilot-worktrees/age-estimator/horganm0-risk-cautious-journey/data/fgnet_raw/FGNET/images/010A07b.JPG,10,7,11.0,5.0,True,0.6326020956039429,False
010A09.JPG,/Users/horganm0/.copilot/repos/copilot-worktrees/age-estimator/horganm0-risk-cautious-journey/data/fgnet_raw/FGNET/images/010A09.JPG,10,9,11.0,5.0,True,0.6469058990478516,False
010A10.JPG,/Users/horganm0/.copilot/repos/copilot-worktrees/age-estimator/horganm0-risk-cautious-journey/data/fgnet_raw/FGNET/images/010A10.JPG,10,10,15.0,6.0,True,0.6930199265480042,False
010A12.JPG,/Users/horganm0/.copilot/repos/copilot-worktrees/age-estimator/horganm0-risk-cautious-journey/data/fgnet_raw/FGNET/images/010A12.JPG,10,12,16.0,10.0,True,0.7412553429603577,False
010A15.JPG,/Users/horganm0/.copilot/repos/copilot-worktrees/age-estimator/horganm0-risk-cautious-journey/data/fgnet_raw/FGNET/images/010A15.JPG,10,15,26.0,13.0,True,0.6077160239219666,False
010A16.JPG,/Users/horganm0/.copilot/repos/copilot-worktrees/age-estimator/horganm0-risk-cautious-journey/data/fgnet_raw/FGNET/images/010A16.JPG,10,16,24.0,4.0,True,0.6359544992446899,False
010A18.JPG,/Users/horganm0/.copilot/repos/copilot-worktrees/age-estimator/horganm0-risk-cautious-journey/data/fgnet_raw/FGNET/images/010A18.JPG,10,18,28.0,10.0,True,0.6153135299682617,False
011A02.JPG,/Users/horganm0/.copilot/repos/copilot-worktrees/age-estimator/horganm0-risk-cautious-journey/data/fgnet_raw/FGNET/images/011A02.JPG,11,2,3.0,1.0,True,0.5472645163536072,False
011A05.JPG,/Users/horganm0/.copilot/repos/copilot-worktrees/age-estimator/horganm0-risk-cautious-journey/data/fgnet_raw/FGNET/images/011A05.JPG,11,5,7.0,5.0,True,0.5490662455558777,False
011A07.JPG,/Users/horganm0/.copilot/repos/copilot-worktrees/age-estimator/horganm0-risk-cautious-journey/data/fgnet_raw/FGNET/images/011A07.JPG,11,7,7.0,3.0,True,0.5943484902381897,False
011A11.JPG,/Users/horganm0/.copilot/repos/copilot-worktrees/age-estimator/horganm0-risk-cautious-journey/data/fgnet_raw/FGNET/images/011A11.JPG,11,11,8.0,3.0,True,0.7078649401664734,False
011A13.JPG,/Users/horganm0/.copilot/repos/copilot-worktrees/age-estimator/horganm0-risk-cautious-journey/data/fgnet_raw/FGNET/images/011A13.JPG,11,13,8.0,8.0,True,0.6887601017951965,False
011A14.JPG,/Users/horganm0/.copilot/repos/copilot-worktrees/age-estimator/horganm0-risk-cautious-journey/data/fgnet_raw/FGNET/images/011A14.JPG,11,14,22.0,7.0,True,0.7172842025756836,False
011A15.JPG,/Users/horganm0/.copilot/repos/copilot-worktrees/age-estimator/horganm0-risk-cautious-journey/data/fgnet_raw/FGNET/images/011A15.JPG,11,15,31.0,25.0,True,0.6564822196960449,False
011A17.JPG,/Users/horganm0/.copilot/repos/copilot-worktrees/age-estimator/horganm0-risk-cautious-journey/data/fgnet_raw/FGNET/images/011A17.JPG,11,17,22.0,8.0,True,0.6722924709320068,False
011A20.JPG,/Users/horganm0/.copilot/repos/copilot-worktrees/age-estimator/horganm0-risk-cautious-journey/data/fgnet_raw/FGNET/images/011A20.JPG,11,20,26.0,3.0,True,0.696834921836853,False
011A27.JPG,/Users/horganm0/.copilot/repos/copilot-worktrees/age-estimator/horganm0-risk-cautious-journey/data/fgnet_raw/FGNET/images/011A27.JPG,11,27,30.0,9.0,True,0.7338869571685791,True
011A30.JPG,/Users/horganm0/.copilot/repos/copilot-worktrees/age-estimator/horganm0-risk-cautious-journey/data/fgnet_raw/FGNET/images/011A30.JPG,11,30,28.0,10.0,True,0.6568101048469543,False
011A34.JPG,/Users/horganm0/.copilot/repos/copilot-worktrees/age-estimator/horganm0-risk-cautious-journey/data/fgnet_raw/FGNET/images/011A34.JPG,11,34,35.0,13.0,True,0.8063014149665833,False
011A40.JPG,/Users/horganm0/.copilot/repos/copilot-worktrees/age-estimator/horganm0-risk-cautious-journey/data/fgnet_raw/FGNET/images/011A40.JPG,11,40,53.0,16.0,True,0.8226932883262634,False
011A42.JPG,/Users/horganm0/.copilot/repos/copilot-worktrees/age-estimator/horganm0-risk-cautious-journey/data/fgnet_raw/FGNET/images/011A42.JPG,11,42,25.0,7.0,True,0.7399438619613647,True
012A04.JPG,/Users/horganm0/.copilot/repos/copilot-worktrees/age-estimator/horganm0-risk-cautious-journey/data/fgnet_raw/FGNET/images/012A04.JPG,12,4,20.0,12.0,True,0.674834668636322,False
012A07.JPG,/Users/horganm0/.copilot/repos/copilot-worktrees/age-estimator/horganm0-risk-cautious-journey/data/fgnet_raw/FGNET/images/012A07.JPG,12,7,22.0,10.0,True,0.6857896447181702,False
012A12.JPG,/Users/horganm0/.copilot/repos/copilot-worktrees/age-estimator/horganm0-risk-cautious-journey/data/fgnet_raw/FGNET/images/012A12.JPG,12,12,17.0,6.0,True,0.7367653250694275,False
012A14.JPG,/Users/horganm0/.copilot/repos/copilot-worktrees/age-estimator/horganm0-risk-cautious-journey/data/fgnet_raw/FGNET/images/012A14.JPG,12,14,24.0,6.0,True,0.6682288646697998,False
012A18.JPG,/Users/horganm0/.copilot/repos/copilot-worktrees/age-estimator/horganm0-risk-cautious-journey/data/fgnet_raw/FGNET/images/012A18.JPG,12,18,24.0,8.0,True,0.7255947589874268,False
012A21.JPG,/Users/horganm0/.copilot/repos/copilot-worktrees/age-estimator/horganm0-risk-cautious-journey/data/fgnet_raw/FGNET/images/012A21.JPG,12,21,34.0,16.0,True,0.6569702625274658,False
012A23.JPG,/Users/horganm0/.copilot/repos/copilot-worktrees/age-estimator/horganm0-risk-cautious-journey/data/fgnet_raw/FGNET/images/012A23.JPG,12,23,60.0,15.0,True,0.621195375919342,False
012A24.JPG,/Users/horganm0/.copilot/repos/copilot-worktrees/age-estimator/horganm0-risk-cautious-journey/data/fgnet_raw/FGNET/images/012A24.JPG,12,24,25.0,8.0,True,0.6759362816810608,False
012A25.JPG,/Users/horganm0/.copilot/repos/copilot-worktrees/age-estimator/horganm0-risk-cautious-journey/data/fgnet_raw/FGNET/images/012A25.JPG,12,25,30.0,11.0,True,0.6856366991996765,False
012A26.JPG,/Users/horganm0/.copilot/repos/copilot-worktrees/age-estimator/horganm0-risk-cautious-journey/data/fgnet_raw/FGNET/images/012A26.JPG,12,26,26.0,14.0,True,0.7195513248443604,False
012A27.JPG,/Users/horganm0/.copilot/repos/copilot-worktrees/age-estimator/horganm0-risk-cautious-journey/data/fgnet_raw/FGNET/images/012A27.JPG,12,27,37.0,19.0,True,0.7178980112075806,False
012A30.JPG,/Users/horganm0/.copilot/repos/copilot-worktrees/age-estimator/horganm0-risk-cautious-journey/data/fgnet_raw/FGNET/images/012A30.JPG,12,30,25.0,4.0,True,0.7058507204055786,False
012A32.JPG,/Users/horganm0/.copilot/repos/copilot-worktrees/age-estimator/horganm0-risk-cautious-journey/data/fgnet_raw/FGNET/images/012A32.JPG,12,32,27.0,14.0,True,0.6856062412261963,False
012A34.JPG,/Users/horganm0/.copilot/repos/copilot-worktrees/age-estimator/horganm0-risk-cautious-journey/data/fgnet_raw/FGNET/images/012A34.JPG,12,34,21.0,14.0,True,0.6426407098770142,False
012A36.JPG,/Users/horganm0/.copilot/repos/copilot-worktrees/age-estimator/horganm0-risk-cautious-journey/data/fgnet_raw/FGNET/images/012A36.JPG,12,36,18.0,13.0,True,0.6247904896736145,False
013A00.JPG,/Users/horganm0/.copilot/repos/copilot-worktrees/age-estimator/horganm0-risk-cautious-journey/data/fgnet_raw/FGNET/images/013A00.JPG,13,0,4.0,2.0,True,0.631546676158905,False
013A08.JPG,/Users/horganm0/.copilot/repos/copilot-worktrees/age-estimator/horganm0-risk-cautious-journey/data/fgnet_raw/FGNET/images/013A08.JPG,13,8,16.0,5.0,True,0.6873950362205505,False
013A16.JPG,/Users/horganm0/.copilot/repos/copilot-worktrees/age-estimator/horganm0-risk-cautious-journey/data/fgnet_raw/FGNET/images/013A16.JPG,13,16,35.0,12.0,True,0.6404517889022827,False
013A18.JPG,/Users/horganm0/.copilot/repos/copilot-worktrees/age-estimator/horganm0-risk-cautious-journey/data/fgnet_raw/FGNET/images/013A18.JPG,13,18,23.0,5.0,True,0.6892414093017578,False
013A19.JPG,/Users/horganm0/.copilot/repos/copilot-worktrees/age-estimator/horganm0-risk-cautious-journey/data/fgnet_raw/FGNET/images/013A19.JPG,13,19,35.0,12.0,True,0.6945802569389343,False
013A21.JPG,/Users/horganm0/.copilot/repos/copilot-worktrees/age-estimator/horganm0-risk-cautious-journey/data/fgnet_raw/FGNET/images/013A21.JPG,13,21,26.0,10.0,True,0.7338147163391113,False
013A23.JPG,/Users/horganm0/.copilot/repos/copilot-worktrees/age-estimator/horganm0-risk-cautious-journey/data/fgnet_raw/FGNET/images/013A23.JPG,13,23,22.0,8.0,True,0.6963862776756287,False
013A25.JPG,/Users/horganm0/.copilot/repos/copilot-worktrees/age-estimator/horganm0-risk-cautious-journey/data/fgnet_raw/FGNET/images/013A25.JPG,13,25,25.0,3.0,True,0.6525436043739319,False
013A30.JPG,/Users/horganm0/.copilot/repos/copilot-worktrees/age-estimator/horganm0-risk-cautious-journey/data/fgnet_raw/FGNET/images/013A30.JPG,13,30,32.0,12.0,True,0.7420411109924316,True
013A34.JPG,/Users/horganm0/.copilot/repos/copilot-worktrees/age-estimator/horganm0-risk-cautious-journey/data/fgnet_raw/FGNET/images/013A34.JPG,13,34,35.0,12.0,True,0.8149675130844116,True
013A41.JPG,/Users/horganm0/.copilot/repos/copilot-worktrees/age-estimator/horganm0-risk-cautious-journey/data/fgnet_raw/FGNET/images/013A41.JPG,13,41,34.0,14.0,True,0.6302193999290466,False
013A44.JPG,/Users/horganm0/.copilot/repos/copilot-worktrees/age-estimator/horganm0-risk-cautious-journey/data/fgnet_raw/FGNET/images/013A44.JPG,13,44,39.0,11.0,True,0.7033361196517944,False
014A03.JPG,/Users/horganm0/.copilot/repos/copilot-worktrees/age-estimator/horganm0-risk-cautious-journey/data/fgnet_raw/FGNET/images/014A03.JPG,14,3,60.0,66.0,True,0.528960645198822,False
014A12.JPG,/Users/horganm0/.copilot/repos/copilot-worktrees/age-estimator/horganm0-risk-cautious-journey/data/fgnet_raw/FGNET/images/014A12.JPG,14,12,17.0,15.0,True,0.6883465647697449,False
014A14.JPG,/Users/horganm0/.copilot/repos/copilot-worktrees/age-estimator/horganm0-risk-cautious-journey/data/fgnet_raw/FGNET/images/014A14.JPG,14,14,26.0,2.0,True,0.7216437458992004,False
014A16.JPG,/Users/horganm0/.copilot/repos/copilot-worktrees/age-estimator/horganm0-risk-cautious-journey/data/fgnet_raw/FGNET/images/014A16.JPG,14,16,24.0,7.0,True,0.6099814176559448,False
014A18.JPG,/Users/horganm0/.copilot/repos/copilot-worktrees/age-estimator/horganm0-risk-cautious-journey/data/fgnet_raw/FGNET/images/014A18.JPG,14,18,24.0,8.0,True,0.6247191429138184,False
014A22.JPG,/Users/horganm0/.copilot/repos/copilot-worktrees/age-estimator/horganm0-risk-cautious-journey/data/fgnet_raw/FGNET/images/014A22.JPG,14,22,25.0,6.0,True,0.6449888348579407,False
014A30.JPG,/Users/horganm0/.copilot/repos/copilot-worktrees/age-estimator/horganm0-risk-cautious-journey/data/fgnet_raw/FGNET/images/014A30.JPG,14,30,45.0,22.0,True,0.5696926712989807,False
014A36.JPG,/Users/horganm0/.copilot/repos/copilot-worktrees/age-estimator/horganm0-risk-cautious-journey/data/fgnet_raw/FGNET/images/014A36.JPG,14,36,45.0,25.0,True,0.6139993071556091,False
014A40.JPG,/Users/horganm0/.copilot/repos/copilot-worktrees/age-estimator/horganm0-risk-cautious-journey/data/fgnet_raw/FGNET/images/014A40.JPG,14,40,53.0,10.0,True,0.6492972373962402,False
014A42.JPG,/Users/horganm0/.copilot/repos/copilot-worktrees/age-estimator/horganm0-risk-cautious-journey/data/fgnet_raw/FGNET/images/014A42.JPG,14,42,34.0,16.0,True,0.6180515289306641,False
015A00.JPG,/Users/horganm0/.copilot/repos/copilot-worktrees/age-estimator/horganm0-risk-cautious-journey/data/fgnet_raw/FGNET/images/015A00.JPG,15,0,1.0,1.0,True,0.6993683576583862,False
015A01.JPG,/Users/horganm0/.copilot/repos/copilot-worktrees/age-estimator/horganm0-risk-cautious-journey/data/fgnet_raw/FGNET/images/015A01.JPG,15,1,3.0,1.0,True,0.6263267397880554,False
015A03.JPG,/Users/horganm0/.copilot/repos/copilot-worktrees/age-estimator/horganm0-risk-cautious-journey/data/fgnet_raw/FGNET/images/015A03.JPG,15,3,7.0,3.0,True,0.7160764932632446,False
015A04.JPG,/Users/horganm0/.copilot/repos/copilot-worktrees/age-estimator/horganm0-risk-cautious-journey/data/fgnet_raw/FGNET/images/015A04.JPG,15,4,10.0,4.0,True,0.8313348293304443,True
015A05.JPG,/Users/horganm0/.copilot/repos/copilot-worktrees/age-estimator/horganm0-risk-cautious-journey/data/fgnet_raw/FGNET/images/015A05.JPG,15,5,8.0,3.0,True,0.7537502646446228,True
015A07.JPG,/Users/horganm0/.copilot/repos/copilot-worktrees/age-estimator/horganm0-risk-cautious-journey/data/fgnet_raw/FGNET/images/015A07.JPG,15,7,8.0,4.0,True,0.7056798338890076,False
015A09.JPG,/Users/horganm0/.copilot/repos/copilot-worktrees/age-estimator/horganm0-risk-cautious-journey/data/fgnet_raw/FGNET/images/015A09.JPG,15,9,12.0,6.0,True,0.8004040122032166,True
015A10.JPG,/Users/horganm0/.copilot/repos/copilot-worktrees/age-estimator/horganm0-risk-cautious-journey/data/fgnet_raw/FGNET/images/015A10.JPG,15,10,25.0,5.0,True,0.7265670299530029,True
015A12.JPG,/Users/horganm0/.copilot/repos/copilot-worktrees/age-estimator/horganm0-risk-cautious-journey/data/fgnet_raw/FGNET/images/015A12.JPG,15,12,23.0,19.0,True,0.811722993850708,False
015A14.JPG,/Users/horganm0/.copilot/repos/copilot-worktrees/age-estimator/horganm0-risk-cautious-journey/data/fgnet_raw/FGNET/images/015A14.JPG,15,14,17.0,4.0,True,0.7582370042800903,False
015A15.JPG,/Users/horganm0/.copilot/repos/copilot-worktrees/age-estimator/horganm0-risk-cautious-journey/data/fgnet_raw/FGNET/images/015A15.JPG,15,15,21.0,8.0,True,0.7290100455284119,False
015A17.JPG,/Users/horganm0/.copilot/repos/copilot-worktrees/age-estimator/horganm0-risk-cautious-journey/data/fgnet_raw/FGNET/images/015A17.JPG,15,17,39.0,14.0,True,0.7862679362297058,True
015A19.JPG,/Users/horganm0/.copilot/repos/copilot-worktrees/age-estimator/horganm0-risk-cautious-journey/data/fgnet_raw/FGNET/images/015A19.JPG,15,19,35.0,13.0,True,0.7718351483345032,True
016A01.JPG,/Users/horganm0/.copilot/repos/copilot-worktrees/age-estimator/horganm0-risk-cautious-journey/data/fgnet_raw/FGNET/images/016A01.JPG,16,1,4.0,2.0,True,0.6297269463539124,False
016A03.JPG,/Users/horganm0/.copilot/repos/copilot-worktrees/age-estimator/horganm0-risk-cautious-journey/data/fgnet_raw/FGNET/images/016A03.JPG,16,3,5.0,4.0,True,0.6450621485710144,False
016A04.JPG,/Users/horganm0/.copilot/repos/copilot-worktrees/age-estimator/horganm0-risk-cautious-journey/data/fgnet_raw/FGNET/images/016A04.JPG,16,4,5.0,4.0,True,0.5716080665588379,False
016A05.JPG,/Users/horganm0/.copilot/repos/copilot-worktrees/age-estimator/horganm0-risk-cautious-journey/data/fgnet_raw/FGNET/images/016A05.JPG,16,5,7.0,9.0,True,0.5821651220321655,False
016A07.JPG,/Users/horganm0/.copilot/repos/copilot-worktrees/age-estimator/horganm0-risk-cautious-journey/data/fgnet_raw/FGNET/images/016A07.JPG,16,7,10.0,7.0,True,0.7753443121910095,False
016A08.JPG,/Users/horganm0/.copilot/repos/copilot-worktrees/age-estimator/horganm0-risk-cautious-journey/data/fgnet_raw/FGNET/images/016A08.JPG,16,8,13.0,2.0,True,0.7569710612297058,False
016A10.JPG,/Users/horganm0/.copilot/repos/copilot-worktrees/age-estimator/horganm0-risk-cautious-journey/data/fgnet_raw/FGNET/images/016A10.JPG,16,10,14.0,1.0,True,0.717687726020813,True
016A12.JPG,/Users/horganm0/.copilot/repos/copilot-worktrees/age-estimator/horganm0-risk-cautious-journey/data/fgnet_raw/FGNET/images/016A12.JPG,16,12,22.0,18.0,True,0.7051645517349243,False
016A14.JPG,/Users/horganm0/.copilot/repos/copilot-worktrees/age-estimator/horganm0-risk-cautious-journey/data/fgnet_raw/FGNET/images/016A14.JPG,16,14,24.0,11.0,True,0.6900953054428101,True
016A16.JPG,/Users/horganm0/.copilot/repos/copilot-worktrees/age-estimator/horganm0-risk-cautious-journey/data/fgnet_raw/FGNET/images/016A16.JPG,16,16,37.0,12.0,True,0.774512767791748,True
016A17.JPG,/Users/horganm0/.copilot/repos/copilot-worktrees/age-estimator/horganm0-risk-cautious-journey/data/fgnet_raw/FGNET/images/016A17.JPG,16,17,39.0,6.0,True,0.7272337079048157,False
016A18.JPG,/Users/horganm0/.copilot/repos/copilot-worktrees/age-estimator/horganm0-risk-cautious-journey/data/fgnet_raw/FGNET/images/016A18.JPG,16,18,31.0,10.0,True,0.7877107858657837,False
016A19.JPG,/Users/horganm0/.copilot/repos/copilot-worktrees/age-estimator/horganm0-risk-cautious-journey/data/fgnet_raw/FGNET/images/016A19.JPG,16,19,28.0,10.0,True,0.6617946028709412,False
017A05.JPG,/Users/horganm0/.copilot/repos/copilot-worktrees/age-estimator/horganm0-risk-cautious-journey/data/fgnet_raw/FGNET/images/017A05.JPG,17,5,5.0,3.0,True,0.6208591461181641,False
017A07.JPG,/Users/horganm0/.copilot/repos/copilot-worktrees/age-estimator/horganm0-risk-cautious-journey/data/fgnet_raw/FGNET/images/017A07.JPG,17,7,26.0,14.0,True,0.705434262752533,True
017A12.JPG,/Users/horganm0/.copilot/repos/copilot-worktrees/age-estimator/horganm0-risk-cautious-journey/data/fgnet_raw/FGNET/images/017A12.JPG,17,12,16.0,17.0,True,0.7402715682983398,False
017A15.JPG,/Users/horganm0/.copilot/repos/copilot-worktrees/age-estimator/horganm0-risk-cautious-journey/data/fgnet_raw/FGNET/images/017A15.JPG,17,15,29.0,10.0,True,0.675330638885498,False
017A17.JPG,/Users/horganm0/.copilot/repos/copilot-worktrees/age-estimator/horganm0-risk-cautious-journey/data/fgnet_raw/FGNET/images/017A17.JPG,17,17,20.0,8.0,True,0.6171509623527527,False
017A19.JPG,/Users/horganm0/.copilot/repos/copilot-worktrees/age-estimator/horganm0-risk-cautious-journey/data/fgnet_raw/FGNET/images/017A19.JPG,17,19,30.0,12.0,True,0.730406641960144,False
017A22.JPG,/Users/horganm0/.copilot/repos/copilot-worktrees/age-estimator/horganm0-risk-cautious-journey/data/fgnet_raw/FGNET/images/017A22.JPG,17,22,31.0,11.0,True,0.8048095703125,True
017A26.JPG,/Users/horganm0/.copilot/repos/copilot-worktrees/age-estimator/horganm0-risk-cautious-journey/data/fgnet_raw/FGNET/images/017A26.JPG,17,26,30.0,12.0,True,0.7079131603240967,False
017A29.JPG,/Users/horganm0/.copilot/repos/copilot-worktrees/age-estimator/horganm0-risk-cautious-journey/data/fgnet_raw/FGNET/images/017A29.JPG,17,29,30.0,13.0,True,0.6369447112083435,False
017A32.JPG,/Users/horganm0/.copilot/repos/copilot-worktrees/age-estimator/horganm0-risk-cautious-journey/data/fgnet_raw/FGNET/images/017A32.JPG,17,32,25.0,6.0,True,0.6408262252807617,False
017A36.JPG,/Users/horganm0/.copilot/repos/copilot-worktrees/age-estimator/horganm0-risk-cautious-journey/data/fgnet_raw/FGNET/images/017A36.JPG,17,36,35.0,9.0,True,0.6578243374824524,False
017A38.JPG,/Users/horganm0/.copilot/repos/copilot-worktrees/age-estimator/horganm0-risk-cautious-journey/data/fgnet_raw/FGNET/images/017A38.JPG,17,38,38.0,7.0,True,0.6142550706863403,False
017A42.JPG,/Users/horganm0/.copilot/repos/copilot-worktrees/age-estimator/horganm0-risk-cautious-journey/data/fgnet_raw/FGNET/images/017A42.JPG,17,42,40.0,13.0,True,0.62801194190979,False
018A06.JPG,/Users/horganm0/.copilot/repos/copilot-worktrees/age-estimator/horganm0-risk-cautious-journey/data/fgnet_raw/FGNET/images/018A06.JPG,18,6,26.0,8.0,True,0.5757275819778442,False
018A11.JPG,/Users/horganm0/.copilot/repos/copilot-worktrees/age-estimator/horganm0-risk-cautious-journey/data/fgnet_raw/FGNET/images/018A11.JPG,18,11,17.0,3.0,True,0.6686719655990601,False
018A16.JPG,/Users/horganm0/.copilot/repos/copilot-worktrees/age-estimator/horganm0-risk-cautious-journey/data/fgnet_raw/FGNET/images/018A16.JPG,18,16,24.0,6.0,True,0.734224259853363,False
018A18.JPG,/Users/horganm0/.copilot/repos/copilot-worktrees/age-estimator/horganm0-risk-cautious-journey/data/fgnet_raw/FGNET/images/018A18.JPG,18,18,32.0,34.0,True,0.720973789691925,False
018A22.JPG,/Users/horganm0/.copilot/repos/copilot-worktrees/age-estimator/horganm0-risk-cautious-journey/data/fgnet_raw/FGNET/images/018A22.JPG,18,22,25.0,12.0,True,0.6085788011550903,False
018A25.JPG,/Users/horganm0/.copilot/repos/copilot-worktrees/age-estimator/horganm0-risk-cautious-journey/data/fgnet_raw/FGNET/images/018A25.JPG,18,25,32.0,19.0,True,0.6870933175086975,True
018A28.JPG,/Users/horganm0/.copilot/repos/copilot-worktrees/age-estimator/horganm0-risk-cautious-journey/data/fgnet_raw/FGNET/images/018A28.JPG,18,28,36.0,35.0,True,0.6945667266845703,False
018A29.JPG,/Users/horganm0/.copilot/repos/copilot-worktrees/age-estimator/horganm0-risk-cautious-journey/data/fgnet_raw/FGNET/images/018A29.JPG,18,29,28.0,15.0,True,0.7000701427459717,True
018A33.JPG,/Users/horganm0/.copilot/repos/copilot-worktrees/age-estimator/horganm0-risk-cautious-journey/data/fgnet_raw/FGNET/images/018A33.JPG,18,33,38.0,22.0,True,0.9059965014457703,True
018A34.JPG,/Users/horganm0/.copilot/repos/copilot-worktrees/age-estimator/horganm0-risk-cautious-journey/data/fgnet_raw/FGNET/images/018A34.JPG,18,34,55.0,16.0,True,0.8385595679283142,True
018A36.JPG,/Users/horganm0/.copilot/repos/copilot-worktrees/age-estimator/horganm0-risk-cautious-journey/data/fgnet_raw/FGNET/images/018A36.JPG,18,36,34.0,11.0,True,0.7566778063774109,False
019A00.JPG,/Users/horganm0/.copilot/repos/copilot-worktrees/age-estimator/horganm0-risk-cautious-journey/data/fgnet_raw/FGNET/images/019A00.JPG,19,0,2.0,1.0,True,0.6146939992904663,False
019A03.JPG,/Users/horganm0/.copilot/repos/copilot-worktrees/age-estimator/horganm0-risk-cautious-journey/data/fgnet_raw/FGNET/images/019A03.JPG,19,3,5.0,2.0,True,0.6650555729866028,False
019A05.JPG,/Users/horganm0/.copilot/repos/copilot-worktrees/age-estimator/horganm0-risk-cautious-journey/data/fgnet_raw/FGNET/images/019A05.JPG,19,5,21.0,9.0,True,0.6529756188392639,False
019A07.JPG,/Users/horganm0/.copilot/repos/copilot-worktrees/age-estimator/horganm0-risk-cautious-journey/data/fgnet_raw/FGNET/images/019A07.JPG,19,7,16.0,8.0,True,0.6576688885688782,False
019A12.JPG,/Users/horganm0/.copilot/repos/copilot-worktrees/age-estimator/horganm0-risk-cautious-journey/data/fgnet_raw/FGNET/images/019A12.JPG,19,12,24.0,8.0,True,0.6436387300491333,False
019A15.JPG,/Users/horganm0/.copilot/repos/copilot-worktrees/age-estimator/horganm0-risk-cautious-journey/data/fgnet_raw/FGNET/images/019A15.JPG,19,15,26.0,7.0,True,0.757990300655365,True
019A18.JPG,/Users/horganm0/.copilot/repos/copilot-worktrees/age-estimator/horganm0-risk-cautious-journey/data/fgnet_raw/FGNET/images/019A18.JPG,19,18,34.0,25.0,True,0.8323313593864441,True
019A23.JPG,/Users/horganm0/.copilot/repos/copilot-worktrees/age-estimator/horganm0-risk-cautious-journey/data/fgnet_raw/FGNET/images/019A23.JPG,19,23,25.0,6.0,True,0.7055079340934753,False
019A27.JPG,/Users/horganm0/.copilot/repos/copilot-worktrees/age-estimator/horganm0-risk-cautious-journey/data/fgnet_raw/FGNET/images/019A27.JPG,19,27,36.0,9.0,True,0.7024343013763428,False
019A30.JPG,/Users/horganm0/.copilot/repos/copilot-worktrees/age-estimator/horganm0-risk-cautious-journey/data/fgnet_raw/FGNET/images/019A30.JPG,19,30,35.0,11.0,True,0.8214296698570251,True
020A02.JPG,/Users/horganm0/.copilot/repos/copilot-worktrees/age-estimator/horganm0-risk-cautious-journey/data/fgnet_raw/FGNET/images/020A02.JPG,20,2,42.0,75.0,True,0.7626065015792847,True
020A04.JPG,/Users/horganm0/.copilot/repos/copilot-worktrees/age-estimator/horganm0-risk-cautious-journey/data/fgnet_raw/FGNET/images/020A04.JPG,20,4,17.0,26.0,True,0.6211069226264954,False
020A08.JPG,/Users/horganm0/.copilot/repos/copilot-worktrees/age-estimator/horganm0-risk-cautious-journey/data/fgnet_raw/FGNET/images/020A08.JPG,20,8,14.0,5.0,True,0.608696460723877,False
020A11.JPG,/Users/horganm0/.copilot/repos/copilot-worktrees/age-estimator/horganm0-risk-cautious-journey/data/fgnet_raw/FGNET/images/020A11.JPG,20,11,24.0,7.0,True,0.6324450373649597,False
020A13.JPG,/Users/horganm0/.copilot/repos/copilot-worktrees/age-estimator/horganm0-risk-cautious-journey/data/fgnet_raw/FGNET/images/020A13.JPG,20,13,39.0,10.0,True,0.7705198526382446,False
020A16.JPG,/Users/horganm0/.copilot/repos/copilot-worktrees/age-estimator/horganm0-risk-cautious-journey/data/fgnet_raw/FGNET/images/020A16.JPG,20,16,14.0,4.0,True,0.6456568241119385,False
020A18.JPG,/Users/horganm0/.copilot/repos/copilot-worktrees/age-estimator/horganm0-risk-cautious-journey/data/fgnet_raw/FGNET/images/020A18.JPG,20,18,29.0,16.0,True,0.6835750341415405,False
020A20.JPG,/Users/horganm0/.copilot/repos/copilot-worktrees/age-estimator/horganm0-risk-cautious-journey/data/fgnet_raw/FGNET/images/020A20.JPG,20,20,14.0,6.0,True,0.6651813983917236,False
020A22.JPG,/Users/horganm0/.copilot/repos/copilot-worktrees/age-estimator/horganm0-risk-cautious-journey/data/fgnet_raw/FGNET/images/020A22.JPG,20,22,53.0,13.0,True,0.7265636324882507,True
020A24.JPG,/Users/horganm0/.copilot/repos/copilot-worktrees/age-estimator/horganm0-risk-cautious-journey/data/fgnet_raw/FGNET/images/020A24.JPG,20,24,14.0,12.0,True,0.7525593042373657,True
020A26.JPG,/Users/horganm0/.copilot/repos/copilot-worktrees/age-estimator/horganm0-risk-cautious-journey/data/fgnet_raw/FGNET/images/020A26.JPG,20,26,36.0,16.0,True,0.6403729915618896,False
020A30.JPG,/Users/horganm0/.copilot/repos/copilot-worktrees/age-estimator/horganm0-risk-cautious-journey/data/fgnet_raw/FGNET/images/020A30.JPG,20,30,49.0,15.0,True,0.6561681032180786,False
020A36.JPG,/Users/horganm0/.copilot/repos/copilot-worktrees/age-estimator/horganm0-risk-cautious-journey/data/fgnet_raw/FGNET/images/020A36.JPG,20,36,36.0,14.0,True,0.6130696535110474,False
021A03.JPG,/Users/horganm0/.copilot/repos/copilot-worktrees/age-estimator/horganm0-risk-cautious-journey/data/fgnet_raw/FGNET/images/021A03.JPG,21,3,11.0,10.0,True,0.6209059953689575,False
021A05.JPG,/Users/horganm0/.copilot/repos/copilot-worktrees/age-estimator/horganm0-risk-cautious-journey/data/fgnet_raw/FGNET/images/021A05.JPG,21,5,8.0,3.0,True,0.6684537529945374,False
021A06.JPG,/Users/horganm0/.copilot/repos/copilot-worktrees/age-estimator/horganm0-risk-cautious-journey/data/fgnet_raw/FGNET/images/021A06.JPG,21,6,8.0,2.0,True,0.6833481788635254,False
021A11.JPG,/Users/horganm0/.copilot/repos/copilot-worktrees/age-estimator/horganm0-risk-cautious-journey/data/fgnet_raw/FGNET/images/021A11.JPG,21,11,27.0,6.0,True,0.7126186490058899,True
021A16.JPG,/Users/horganm0/.copilot/repos/copilot-worktrees/age-estimator/horganm0-risk-cautious-journey/data/fgnet_raw/FGNET/images/021A16.JPG,21,16,40.0,6.0,True,0.6509454846382141,False
021A18.JPG,/Users/horganm0/.copilot/repos/copilot-worktrees/age-estimator/horganm0-risk-cautious-journey/data/fgnet_raw/FGNET/images/021A18.JPG,21,18,23.0,10.0,True,0.7493739128112793,False
021A20.JPG,/Users/horganm0/.copilot/repos/copilot-worktrees/age-estimator/horganm0-risk-cautious-journey/data/fgnet_raw/FGNET/images/021A20.JPG,21,20,28.0,11.0,True,0.692386269569397,False
021A23.JPG,/Users/horganm0/.copilot/repos/copilot-worktrees/age-estimator/horganm0-risk-cautious-journey/data/fgnet_raw/FGNET/images/021A23.JPG,21,23,32.0,22.0,True,0.6391006708145142,False
021A27.JPG,/Users/horganm0/.copilot/repos/copilot-worktrees/age-estimator/horganm0-risk-cautious-journey/data/fgnet_raw/FGNET/images/021A27.JPG,21,27,29.0,10.0,True,0.6657407879829407,False
021A30.JPG,/Users/horganm0/.copilot/repos/copilot-worktrees/age-estimator/horganm0-risk-cautious-journey/data/fgnet_raw/FGNET/images/021A30.JPG,21,30,53.0,19.0,True,0.7036818265914917,False
021A35.JPG,/Users/horganm0/.copilot/repos/copilot-worktrees/age-estimator/horganm0-risk-cautious-journey/data/fgnet_raw/FGNET/images/021A35.JPG,21,35,53.0,22.0,True,0.7216600775718689,True
021A39.JPG,/Users/horganm0/.copilot/repos/copilot-worktrees/age-estimator/horganm0-risk-cautious-journey/data/fgnet_raw/FGNET/images/021A39.JPG,21,39,39.0,17.0,True,0.6500474810600281,False
022A00.JPG,/Users/horganm0/.copilot/repos/copilot-worktrees/age-estimator/horganm0-risk-cautious-journey/data/fgnet_raw/FGNET/images/022A00.JPG,22,0,2.0,4.0,True,0.8172206878662109,True
022A07.JPG,/Users/horganm0/.copilot/repos/copilot-worktrees/age-estimator/horganm0-risk-cautious-journey/data/fgnet_raw/FGNET/images/022A07.JPG,22,7,24.0,12.0,True,0.7864500880241394,True
022A11.JPG,/Users/horganm0/.copilot/repos/copilot-worktrees/age-estimator/horganm0-risk-cautious-journey/data/fgnet_raw/FGNET/images/022A11.JPG,22,11,11.0,5.0,True,0.7703648805618286,True
022A14.JPG,/Users/horganm0/.copilot/repos/copilot-worktrees/age-estimator/horganm0-risk-cautious-journey/data/fgnet_raw/FGNET/images/022A14.JPG,22,14,17.0,4.0,True,0.7322524785995483,True
022A16.JPG,/Users/horganm0/.copilot/repos/copilot-worktrees/age-estimator/horganm0-risk-cautious-journey/data/fgnet_raw/FGNET/images/022A16.JPG,22,16,29.0,10.0,True,0.6948994994163513,False
022A18.JPG,/Users/horganm0/.copilot/repos/copilot-worktrees/age-estimator/horganm0-risk-cautious-journey/data/fgnet_raw/FGNET/images/022A18.JPG,22,18,24.0,11.0,True,0.7621712684631348,True
022A20.JPG,/Users/horganm0/.copilot/repos/copilot-worktrees/age-estimator/horganm0-risk-cautious-journey/data/fgnet_raw/FGNET/images/022A20.JPG,22,20,26.0,12.0,True,0.7228142619132996,False
022A23.JPG,/Users/horganm0/.copilot/repos/copilot-worktrees/age-estimator/horganm0-risk-cautious-journey/data/fgnet_raw/FGNET/images/022A23.JPG,22,23,26.0,13.0,True,0.7518868446350098,False
022A25.JPG,/Users/horganm0/.copilot/repos/copilot-worktrees/age-estimator/horganm0-risk-cautious-journey/data/fgnet_raw/FGNET/images/022A25.JPG,22,25,26.0,17.0,True,0.8061537742614746,True
022A26.JPG,/Users/horganm0/.copilot/repos/copilot-worktrees/age-estimator/horganm0-risk-cautious-journey/data/fgnet_raw/FGNET/images/022A26.JPG,22,26,34.0,18.0,True,0.7515903115272522,True
022A27.JPG,/Users/horganm0/.copilot/repos/copilot-worktrees/age-estimator/horganm0-risk-cautious-journey/data/fgnet_raw/FGNET/images/022A27.JPG,22,27,39.0,16.0,True,0.81285160779953,True
022A28.JPG,/Users/horganm0/.copilot/repos/copilot-worktrees/age-estimator/horganm0-risk-cautious-journey/data/fgnet_raw/FGNET/images/022A28.JPG,22,28,41.0,13.0,True,0.814175546169281,True
022A30.JPG,/Users/horganm0/.copilot/repos/copilot-worktrees/age-estimator/horganm0-risk-cautious-journey/data/fgnet_raw/FGNET/images/022A30.JPG,22,30,35.0,11.0,True,0.8083120584487915,True
023A00.JPG,/Users/horganm0/.copilot/repos/copilot-worktrees/age-estimator/horganm0-risk-cautious-journey/data/fgnet_raw/FGNET/images/023A00.JPG,23,0,3.0,2.0,True,0.6570553779602051,False
023A03.JPG,/Users/horganm0/.copilot/repos/copilot-worktrees/age-estimator/horganm0-risk-cautious-journey/data/fgnet_raw/FGNET/images/023A03.JPG,23,3,15.0,4.0,True,0.6900566816329956,False
023A05.JPG,/Users/horganm0/.copilot/repos/copilot-worktrees/age-estimator/horganm0-risk-cautious-journey/data/fgnet_raw/FGNET/images/023A05.JPG,23,5,12.0,7.0,True,0.7354265451431274,True
023A07.JPG,/Users/horganm0/.copilot/repos/copilot-worktrees/age-estimator/horganm0-risk-cautious-journey/data/fgnet_raw/FGNET/images/023A07.JPG,23,7,14.0,6.0,True,0.6844163537025452,False
023A09.JPG,/Users/horganm0/.copilot/repos/copilot-worktrees/age-estimator/horganm0-risk-cautious-journey/data/fgnet_raw/FGNET/images/023A09.JPG,23,9,10.0,2.0,True,0.7413730621337891,False
023A14.JPG,/Users/horganm0/.copilot/repos/copilot-worktrees/age-estimator/horganm0-risk-cautious-journey/data/fgnet_raw/FGNET/images/023A14.JPG,23,14,16.0,6.0,True,0.6618470549583435,False
023A16.JPG,/Users/horganm0/.copilot/repos/copilot-worktrees/age-estimator/horganm0-risk-cautious-journey/data/fgnet_raw/FGNET/images/023A16.JPG,23,16,34.0,34.0,True,0.6914530396461487,False
023A18.JPG,/Users/horganm0/.copilot/repos/copilot-worktrees/age-estimator/horganm0-risk-cautious-journey/data/fgnet_raw/FGNET/images/023A18.JPG,23,18,27.0,10.0,True,0.7585204243659973,True
023A21.JPG,/Users/horganm0/.copilot/repos/copilot-worktrees/age-estimator/horganm0-risk-cautious-journey/data/fgnet_raw/FGNET/images/023A21.JPG,23,21,35.0,10.0,True,0.7481959462165833,True
023A22.JPG,/Users/horganm0/.copilot/repos/copilot-worktrees/age-estimator/horganm0-risk-cautious-journey/data/fgnet_raw/FGNET/images/023A22.JPG,23,22,26.0,2.0,True,0.8258048295974731,True
023A25.JPG,/Users/horganm0/.copilot/repos/copilot-worktrees/age-estimator/horganm0-risk-cautious-journey/data/fgnet_raw/FGNET/images/023A25.JPG,23,25,41.0,32.0,True,0.7938941717147827,True
023A29.JPG,/Users/horganm0/.copilot/repos/copilot-worktrees/age-estimator/horganm0-risk-cautious-journey/data/fgnet_raw/FGNET/images/023A29.JPG,23,29,45.0,12.0,True,0.738088071346283,False
024A00.JPG,/Users/horganm0/.copilot/repos/copilot-worktrees/age-estimator/horganm0-risk-cautious-journey/data/fgnet_raw/FGNET/images/024A00.JPG,24,0,1.0,0.0,True,0.656309187412262,False
024A05.JPG,/Users/horganm0/.copilot/repos/copilot-worktrees/age-estimator/horganm0-risk-cautious-journey/data/fgnet_raw/FGNET/images/024A05.JPG,24,5,59.0,47.0,True,0.6101349592208862,False
024A07.JPG,/Users/horganm0/.copilot/repos/copilot-worktrees/age-estimator/horganm0-risk-cautious-journey/data/fgnet_raw/FGNET/images/024A07.JPG,24,7,11.0,8.0,True,0.7450047135353088,True
024A10.JPG,/Users/horganm0/.copilot/repos/copilot-worktrees/age-estimator/horganm0-risk-cautious-journey/data/fgnet_raw/FGNET/images/024A10.JPG,24,10,10.0,3.0,True,0.6726653575897217,False
024A17.JPG,/Users/horganm0/.copilot/repos/copilot-worktrees/age-estimator/horganm0-risk-cautious-journey/data/fgnet_raw/FGNET/images/024A17.JPG,24,17,25.0,11.0,True,0.678537905216217,False
024A18.JPG,/Users/horganm0/.copilot/repos/copilot-worktrees/age-estimator/horganm0-risk-cautious-journey/data/fgnet_raw/FGNET/images/024A18.JPG,24,18,25.0,4.0,True,0.6675742268562317,False
024A19.JPG,/Users/horganm0/.copilot/repos/copilot-worktrees/age-estimator/horganm0-risk-cautious-journey/data/fgnet_raw/FGNET/images/024A19.JPG,24,19,42.0,19.0,True,0.7842494249343872,True
024A23.JPG,/Users/horganm0/.copilot/repos/copilot-worktrees/age-estimator/horganm0-risk-cautious-journey/data/fgnet_raw/FGNET/images/024A23.JPG,24,23,37.0,8.0,True,0.6679883599281311,False
024A25.JPG,/Users/horganm0/.copilot/repos/copilot-worktrees/age-estimator/horganm0-risk-cautious-journey/data/fgnet_raw/FGNET/images/024A25.JPG,24,25,35.0,11.0,True,0.7587595582008362,True
024A28.JPG,/Users/horganm0/.copilot/repos/copilot-worktrees/age-estimator/horganm0-risk-cautious-journey/data/fgnet_raw/FGNET/images/024A28.JPG,24,28,39.0,9.0,True,0.7562603950500488,True
024A30.JPG,/Users/horganm0/.copilot/repos/copilot-worktrees/age-estimator/horganm0-risk-cautious-journey/data/fgnet_raw/FGNET/images/024A30.JPG,24,30,39.0,5.0,True,0.7333588004112244,False
025A00.JPG,/Users/horganm0/.copilot/repos/copilot-worktrees/age-estimator/horganm0-risk-cautious-journey/data/fgnet_raw/FGNET/images/025A00.JPG,25,0,3.0,19.0,True,0.8393998742103577,True
025A03.JPG,/Users/horganm0/.copilot/repos/copilot-worktrees/age-estimator/horganm0-risk-cautious-journey/data/fgnet_raw/FGNET/images/025A03.JPG,25,3,26.0,45.0,True,0.6560103297233582,False
025A07.JPG,/Users/horganm0/.copilot/repos/copilot-worktrees/age-estimator/horganm0-risk-cautious-journey/data/fgnet_raw/FGNET/images/025A07.JPG,25,7,6.0,8.0,True,0.7513713240623474,False
025A12.JPG,/Users/horganm0/.copilot/repos/copilot-worktrees/age-estimator/horganm0-risk-cautious-journey/data/fgnet_raw/FGNET/images/025A12.JPG,25,12,24.0,10.0,True,0.7590039968490601,False
025A15.JPG,/Users/horganm0/.copilot/repos/copilot-worktrees/age-estimator/horganm0-risk-cautious-journey/data/fgnet_raw/FGNET/images/025A15.JPG,25,15,26.0,14.0,True,0.8438509702682495,True
025A18.JPG,/Users/horganm0/.copilot/repos/copilot-worktrees/age-estimator/horganm0-risk-cautious-journey/data/fgnet_raw/FGNET/images/025A18.JPG,25,18,16.0,3.0,True,0.7344595193862915,False
025A19.JPG,/Users/horganm0/.copilot/repos/copilot-worktrees/age-estimator/horganm0-risk-cautious-journey/data/fgnet_raw/FGNET/images/025A19.JPG,25,19,24.0,7.0,True,0.7275702357292175,True
025A22.JPG,/Users/horganm0/.copilot/repos/copilot-worktrees/age-estimator/horganm0-risk-cautious-journey/data/fgnet_raw/FGNET/images/025A22.JPG,25,22,22.0,13.0,True,0.7893152832984924,False
025A23.JPG,/Users/horganm0/.copilot/repos/copilot-worktrees/age-estimator/horganm0-risk-cautious-journey/data/fgnet_raw/FGNET/images/025A23.JPG,25,23,16.0,9.0,True,0.7032542824745178,False
025A28.JPG,/Users/horganm0/.copilot/repos/copilot-worktrees/age-estimator/horganm0-risk-cautious-journey/data/fgnet_raw/FGNET/images/025A28.JPG,25,28,25.0,7.0,True,0.6580423712730408,False
025A34.JPG,/Users/horganm0/.copilot/repos/copilot-worktrees/age-estimator/horganm0-risk-cautious-journey/data/fgnet_raw/FGNET/images/025A34.JPG,25,34,34.0,22.0,True,0.7288490533828735,True
025A39.JPG,/Users/horganm0/.copilot/repos/copilot-worktrees/age-estimator/horganm0-risk-cautious-journey/data/fgnet_raw/FGNET/images/025A39.JPG,25,39,53.0,9.0,True,0.751754879951477,True
026A00.JPG,/Users/horganm0/.copilot/repos/copilot-worktrees/age-estimator/horganm0-risk-cautious-journey/data/fgnet_raw/FGNET/images/026A00.JPG,26,0,1.0,0.0,True,0.7476440072059631,False
026A02.JPG,/Users/horganm0/.copilot/repos/copilot-worktrees/age-estimator/horganm0-risk-cautious-journey/data/fgnet_raw/FGNET/images/026A02.JPG,26,2,4.0,2.0,True,0.7312494516372681,True
026A04.JPG,/Users/horganm0/.copilot/repos/copilot-worktrees/age-estimator/horganm0-risk-cautious-journey/data/fgnet_raw/FGNET/images/026A04.JPG,26,4,8.0,2.0,True,0.7172664999961853,False
026A06.JPG,/Users/horganm0/.copilot/repos/copilot-worktrees/age-estimator/horganm0-risk-cautious-journey/data/fgnet_raw/FGNET/images/026A06.JPG,26,6,8.0,4.0,True,0.7271034121513367,True
026A07.JPG,/Users/horganm0/.copilot/repos/copilot-worktrees/age-estimator/horganm0-risk-cautious-journey/data/fgnet_raw/FGNET/images/026A07.JPG,26,7,8.0,0.0,True,0.6848143935203552,False
026A11.JPG,/Users/horganm0/.copilot/repos/copilot-worktrees/age-estimator/horganm0-risk-cautious-journey/data/fgnet_raw/FGNET/images/026A11.JPG,26,11,11.0,6.0,True,0.6711185574531555,False
026A13.JPG,/Users/horganm0/.copilot/repos/copilot-worktrees/age-estimator/horganm0-risk-cautious-journey/data/fgnet_raw/FGNET/images/026A13.JPG,26,13,13.0,7.0,True,0.7010462880134583,True
026A15.JPG,/Users/horganm0/.copilot/repos/copilot-worktrees/age-estimator/horganm0-risk-cautious-journey/data/fgnet_raw/FGNET/images/026A15.JPG,26,15,15.0,2.0,True,0.7235442399978638,True
026A17.JPG,/Users/horganm0/.copilot/repos/copilot-worktrees/age-estimator/horganm0-risk-cautious-journey/data/fgnet_raw/FGNET/images/026A17.JPG,26,17,17.0,3.0,True,0.7944595217704773,True
026A18.JPG,/Users/horganm0/.copilot/repos/copilot-worktrees/age-estimator/horganm0-risk-cautious-journey/data/fgnet_raw/FGNET/images/026A18.JPG,26,18,14.0,8.0,True,0.7159768342971802,False
026A19.JPG,/Users/horganm0/.copilot/repos/copilot-worktrees/age-estimator/horganm0-risk-cautious-journey/data/fgnet_raw/FGNET/images/026A19.JPG,26,19,21.0,12.0,True,0.7611101269721985,True
027A02.JPG,/Users/horganm0/.copilot/repos/copilot-worktrees/age-estimator/horganm0-risk-cautious-journey/data/fgnet_raw/FGNET/images/027A02.JPG,27,2,25.0,5.0,True,0.6699367761611938,False
027A11.JPG,/Users/horganm0/.copilot/repos/copilot-worktrees/age-estimator/horganm0-risk-cautious-journey/data/fgnet_raw/FGNET/images/027A11.JPG,27,11,24.0,7.0,True,0.7243542075157166,False
027A13.JPG,/Users/horganm0/.copilot/repos/copilot-worktrees/age-estimator/horganm0-risk-cautious-journey/data/fgnet_raw/FGNET/images/027A13.JPG,27,13,17.0,4.0,True,0.6867756843566895,False
027A16.JPG,/Users/horganm0/.copilot/repos/copilot-worktrees/age-estimator/horganm0-risk-cautious-journey/data/fgnet_raw/FGNET/images/027A16.JPG,27,16,18.0,6.0,True,0.7281945943832397,True
027A18.JPG,/Users/horganm0/.copilot/repos/copilot-worktrees/age-estimator/horganm0-risk-cautious-journey/data/fgnet_raw/FGNET/images/027A18.JPG,27,18,24.0,9.0,True,0.7654195427894592,True
027A20.JPG,/Users/horganm0/.copilot/repos/copilot-worktrees/age-estimator/horganm0-risk-cautious-journey/data/fgnet_raw/FGNET/images/027A20.JPG,27,20,18.0,7.0,True,0.7741582989692688,False
027A22.JPG,/Users/horganm0/.copilot/repos/copilot-worktrees/age-estimator/horganm0-risk-cautious-journey/data/fgnet_raw/FGNET/images/027A22.JPG,27,22,55.0,20.0,True,0.7867501974105835,True
027A25.JPG,/Users/horganm0/.copilot/repos/copilot-worktrees/age-estimator/horganm0-risk-cautious-journey/data/fgnet_raw/FGNET/images/027A25.JPG,27,25,42.0,24.0,True,0.777961790561676,True
027A30.JPG,/Users/horganm0/.copilot/repos/copilot-worktrees/age-estimator/horganm0-risk-cautious-journey/data/fgnet_raw/FGNET/images/027A30.JPG,27,30,32.0,11.0,True,0.7139166593551636,True
027A36.JPG,/Users/horganm0/.copilot/repos/copilot-worktrees/age-estimator/horganm0-risk-cautious-journey/data/fgnet_raw/FGNET/images/027A36.JPG,27,36,53.0,12.0,True,0.6869837045669556,True
027A41.JPG,/Users/horganm0/.copilot/repos/copilot-worktrees/age-estimator/horganm0-risk-cautious-journey/data/fgnet_raw/FGNET/images/027A41.JPG,27,41,53.0,9.0,True,0.7064574360847473,False
028A14.JPG,/Users/horganm0/.copilot/repos/copilot-worktrees/age-estimator/horganm0-risk-cautious-journey/data/fgnet_raw/FGNET/images/028A14.JPG,28,14,18.0,6.0,True,0.7088189125061035,False
028A16.JPG,/Users/horganm0/.copilot/repos/copilot-worktrees/age-estimator/horganm0-risk-cautious-journey/data/fgnet_raw/FGNET/images/028A16.JPG,28,16,18.0,3.0,True,0.7212846875190735,False
028A18.JPG,/Users/horganm0/.copilot/repos/copilot-worktrees/age-estimator/horganm0-risk-cautious-journey/data/fgnet_raw/FGNET/images/028A18.JPG,28,18,19.0,4.0,True,0.7547040581703186,False
028A20.JPG,/Users/horganm0/.copilot/repos/copilot-worktrees/age-estimator/horganm0-risk-cautious-journey/data/fgnet_raw/FGNET/images/028A20.JPG,28,20,17.0,5.0,True,0.6736161708831787,False
028A26.JPG,/Users/horganm0/.copilot/repos/copilot-worktrees/age-estimator/horganm0-risk-cautious-journey/data/fgnet_raw/FGNET/images/028A26.JPG,28,26,17.0,6.0,True,0.7374117970466614,True
028A28.JPG,/Users/horganm0/.copilot/repos/copilot-worktrees/age-estimator/horganm0-risk-cautious-journey/data/fgnet_raw/FGNET/images/028A28.JPG,28,28,36.0,35.0,True,0.8152569532394409,True
028A34.JPG,/Users/horganm0/.copilot/repos/copilot-worktrees/age-estimator/horganm0-risk-cautious-journey/data/fgnet_raw/FGNET/images/028A34.JPG,28,34,52.0,22.0,True,0.6823137402534485,False
028A35.JPG,/Users/horganm0/.copilot/repos/copilot-worktrees/age-estimator/horganm0-risk-cautious-journey/data/fgnet_raw/FGNET/images/028A35.JPG,28,35,59.0,9.0,True,0.7040663361549377,False
028A37.JPG,/Users/horganm0/.copilot/repos/copilot-worktrees/age-estimator/horganm0-risk-cautious-journey/data/fgnet_raw/FGNET/images/028A37.JPG,28,37,53.0,40.0,True,0.7115283608436584,False
028A41.JPG,/Users/horganm0/.copilot/repos/copilot-worktrees/age-estimator/horganm0-risk-cautious-journey/data/fgnet_raw/FGNET/images/028A41.JPG,28,41,61.0,13.0,True,0.7260019183158875,False
028A46.JPG,/Users/horganm0/.copilot/repos/copilot-worktrees/age-estimator/horganm0-risk-cautious-journey/data/fgnet_raw/FGNET/images/028A46.JPG,28,46,58.0,8.0,True,0.7857262492179871,True
029A01.JPG,/Users/horganm0/.copilot/repos/copilot-worktrees/age-estimator/horganm0-risk-cautious-journey/data/fgnet_raw/FGNET/images/029A01.JPG,29,1,4.0,2.0,True,0.6903396248817444,False
029A04.JPG,/Users/horganm0/.copilot/repos/copilot-worktrees/age-estimator/horganm0-risk-cautious-journey/data/fgnet_raw/FGNET/images/029A04.JPG,29,4,8.0,9.0,True,0.7380993962287903,False
029A05.JPG,/Users/horganm0/.copilot/repos/copilot-worktrees/age-estimator/horganm0-risk-cautious-journey/data/fgnet_raw/FGNET/images/029A05.JPG,29,5,13.0,7.0,True,0.6913379430770874,False
029A10.JPG,/Users/horganm0/.copilot/repos/copilot-worktrees/age-estimator/horganm0-risk-cautious-journey/data/fgnet_raw/FGNET/images/029A10.JPG,29,10,15.0,3.0,True,0.6503676772117615,False
029A11.JPG,/Users/horganm0/.copilot/repos/copilot-worktrees/age-estimator/horganm0-risk-cautious-journey/data/fgnet_raw/FGNET/images/029A11.JPG,29,11,18.0,12.0,True,0.7072321176528931,True
029A13.JPG,/Users/horganm0/.copilot/repos/copilot-worktrees/age-estimator/horganm0-risk-cautious-journey/data/fgnet_raw/FGNET/images/029A13.JPG,29,13,26.0,42.0,True,0.7661571502685547,True
029A16.JPG,/Users/horganm0/.copilot/repos/copilot-worktrees/age-estimator/horganm0-risk-cautious-journey/data/fgnet_raw/FGNET/images/029A16.JPG,29,16,17.0,3.0,True,0.7639536261558533,True
029A20.JPG,/Users/horganm0/.copilot/repos/copilot-worktrees/age-estimator/horganm0-risk-cautious-journey/data/fgnet_raw/FGNET/images/029A20.JPG,29,20,30.0,16.0,True,0.7758970856666565,True
029A22.JPG,/Users/horganm0/.copilot/repos/copilot-worktrees/age-estimator/horganm0-risk-cautious-journey/data/fgnet_raw/FGNET/images/029A22.JPG,29,22,58.0,11.0,True,0.8084235191345215,True
029A23.JPG,/Users/horganm0/.copilot/repos/copilot-worktrees/age-estimator/horganm0-risk-cautious-journey/data/fgnet_raw/FGNET/images/029A23.JPG,29,23,38.0,8.0,True,0.7881476283073425,True
029A29.JPG,/Users/horganm0/.copilot/repos/copilot-worktrees/age-estimator/horganm0-risk-cautious-journey/data/fgnet_raw/FGNET/images/029A29.JPG,29,29,39.0,7.0,True,0.7933636903762817,True
029A31.JPG,/Users/horganm0/.copilot/repos/copilot-worktrees/age-estimator/horganm0-risk-cautious-journey/data/fgnet_raw/FGNET/images/029A31.JPG,29,31,53.0,9.0,True,0.7700188159942627,False
029A33.JPG,/Users/horganm0/.copilot/repos/copilot-worktrees/age-estimator/horganm0-risk-cautious-journey/data/fgnet_raw/FGNET/images/029A33.JPG,29,33,47.0,5.0,True,0.7632983922958374,False
030A00.JPG,/Users/horganm0/.copilot/repos/copilot-worktrees/age-estimator/horganm0-risk-cautious-journey/data/fgnet_raw/FGNET/images/030A00.JPG,30,0,3.0,1.0,True,0.8181232213973999,True
030A04.JPG,/Users/horganm0/.copilot/repos/copilot-worktrees/age-estimator/horganm0-risk-cautious-journey/data/fgnet_raw/FGNET/images/030A04.JPG,30,4,14.0,3.0,True,0.7384998202323914,False
030A05.JPG,/Users/horganm0/.copilot/repos/copilot-worktrees/age-estimator/horganm0-risk-cautious-journey/data/fgnet_raw/FGNET/images/030A05.JPG,30,5,12.0,9.0,True,0.7803011536598206,False
030A07.JPG,/Users/horganm0/.copilot/repos/copilot-worktrees/age-estimator/horganm0-risk-cautious-journey/data/fgnet_raw/FGNET/images/030A07.JPG,30,7,10.0,4.0,True,0.796074390411377,True
030A10.JPG,/Users/horganm0/.copilot/repos/copilot-worktrees/age-estimator/horganm0-risk-cautious-journey/data/fgnet_raw/FGNET/images/030A10.JPG,30,10,14.0,6.0,True,0.770185649394989,False
030A16.JPG,/Users/horganm0/.copilot/repos/copilot-worktrees/age-estimator/horganm0-risk-cautious-journey/data/fgnet_raw/FGNET/images/030A16.JPG,30,16,17.0,5.0,True,0.7659393548965454,True
030A17.JPG,/Users/horganm0/.copilot/repos/copilot-worktrees/age-estimator/horganm0-risk-cautious-journey/data/fgnet_raw/FGNET/images/030A17.JPG,30,17,28.0,27.0,True,0.7572630047798157,False
030A18.JPG,/Users/horganm0/.copilot/repos/copilot-worktrees/age-estimator/horganm0-risk-cautious-journey/data/fgnet_raw/FGNET/images/030A18.JPG,30,18,33.0,17.0,True,0.8017842173576355,True
030A20.JPG,/Users/horganm0/.copilot/repos/copilot-worktrees/age-estimator/horganm0-risk-cautious-journey/data/fgnet_raw/FGNET/images/030A20.JPG,30,20,18.0,8.0,True,0.7143124341964722,False
030A23.JPG,/Users/horganm0/.copilot/repos/copilot-worktrees/age-estimator/horganm0-risk-cautious-journey/data/fgnet_raw/FGNET/images/030A23.JPG,30,23,27.0,15.0,True,0.7312219738960266,False
030A26.JPG,/Users/horganm0/.copilot/repos/copilot-worktrees/age-estimator/horganm0-risk-cautious-journey/data/fgnet_raw/FGNET/images/030A26.JPG,30,26,53.0,9.0,True,0.7610824108123779,False
031A00.JPG,/Users/horganm0/.copilot/repos/copilot-worktrees/age-estimator/horganm0-risk-cautious-journey/data/fgnet_raw/FGNET/images/031A00.JPG,31,0,2.0,1.0,True,0.6510167121887207,False
031A02.JPG,/Users/horganm0/.copilot/repos/copilot-worktrees/age-estimator/horganm0-risk-cautious-journey/data/fgnet_raw/FGNET/images/031A02.JPG,31,2,9.0,7.0,True,0.6548816561698914,False
031A03.JPG,/Users/horganm0/.copilot/repos/copilot-worktrees/age-estimator/horganm0-risk-cautious-journey/data/fgnet_raw/FGNET/images/031A03.JPG,31,3,4.0,1.0,True,0.621566653251648,False
031A04.JPG,/Users/horganm0/.copilot/repos/copilot-worktrees/age-estimator/horganm0-risk-cautious-journey/data/fgnet_raw/FGNET/images/031A04.JPG,31,4,4.0,0.0,True,0.6231439709663391,False
031A06.JPG,/Users/horganm0/.copilot/repos/copilot-worktrees/age-estimator/horganm0-risk-cautious-journey/data/fgnet_raw/FGNET/images/031A06.JPG,31,6,8.0,3.0,True,0.559661865234375,False
031A07.JPG,/Users/horganm0/.copilot/repos/copilot-worktrees/age-estimator/horganm0-risk-cautious-journey/data/fgnet_raw/FGNET/images/031A07.JPG,31,7,8.0,2.0,True,0.6546028852462769,False
031A09.JPG,/Users/horganm0/.copilot/repos/copilot-worktrees/age-estimator/horganm0-risk-cautious-journey/data/fgnet_raw/FGNET/images/031A09.JPG,31,9,40.0,23.0,True,0.6572356224060059,False
031A11.JPG,/Users/horganm0/.copilot/repos/copilot-worktrees/age-estimator/horganm0-risk-cautious-journey/data/fgnet_raw/FGNET/images/031A11.JPG,31,11,10.0,19.0,True,0.7666170597076416,False
031A12.JPG,/Users/horganm0/.copilot/repos/copilot-worktrees/age-estimator/horganm0-risk-cautious-journey/data/fgnet_raw/FGNET/images/031A12.JPG,31,12,22.0,10.0,True,0.6528940200805664,False
031A14.JPG,/Users/horganm0/.copilot/repos/copilot-worktrees/age-estimator/horganm0-risk-cautious-journey/data/fgnet_raw/FGNET/images/031A14.JPG,31,14,22.0,9.0,True,0.7483066916465759,False
031A15.JPG,/Users/horganm0/.copilot/repos/copilot-worktrees/age-estimator/horganm0-risk-cautious-journey/data/fgnet_raw/FGNET/images/031A15.JPG,31,15,26.0,7.0,True,0.7675944566726685,False
031A16.JPG,/Users/horganm0/.copilot/repos/copilot-worktrees/age-estimator/horganm0-risk-cautious-journey/data/fgnet_raw/FGNET/images/031A16.JPG,31,16,24.0,9.0,True,0.6687712073326111,False
031A19.JPG,/Users/horganm0/.copilot/repos/copilot-worktrees/age-estimator/horganm0-risk-cautious-journey/data/fgnet_raw/FGNET/images/031A19.JPG,31,19,34.0,13.0,True,0.7348337173461914,True
032A06.JPG,/Users/horganm0/.copilot/repos/copilot-worktrees/age-estimator/horganm0-risk-cautious-journey/data/fgnet_raw/FGNET/images/032A06.JPG,32,6,27.0,14.0,True,0.5825424790382385,False
032A08.JPG,/Users/horganm0/.copilot/repos/copilot-worktrees/age-estimator/horganm0-risk-cautious-journey/data/fgnet_raw/FGNET/images/032A08.JPG,32,8,17.0,9.0,True,0.609367847442627,False
032A10.JPG,/Users/horganm0/.copilot/repos/copilot-worktrees/age-estimator/horganm0-risk-cautious-journey/data/fgnet_raw/FGNET/images/032A10.JPG,32,10,22.0,33.0,True,0.7253668904304504,False
032A13.JPG,/Users/horganm0/.copilot/repos/copilot-worktrees/age-estimator/horganm0-risk-cautious-journey/data/fgnet_raw/FGNET/images/032A13.JPG,32,13,27.0,12.0,True,0.62547367811203,False
032A15.JPG,/Users/horganm0/.copilot/repos/copilot-worktrees/age-estimator/horganm0-risk-cautious-journey/data/fgnet_raw/FGNET/images/032A15.JPG,32,15,43.0,13.0,True,0.6005761027336121,False
032A18.JPG,/Users/horganm0/.copilot/repos/copilot-worktrees/age-estimator/horganm0-risk-cautious-journey/data/fgnet_raw/FGNET/images/032A18.JPG,32,18,50.0,25.0,True,0.7719470262527466,False
032A20.JPG,/Users/horganm0/.copilot/repos/copilot-worktrees/age-estimator/horganm0-risk-cautious-journey/data/fgnet_raw/FGNET/images/032A20.JPG,32,20,36.0,31.0,True,0.7672048807144165,False
032A24.JPG,/Users/horganm0/.copilot/repos/copilot-worktrees/age-estimator/horganm0-risk-cautious-journey/data/fgnet_raw/FGNET/images/032A24.JPG,32,24,56.0,9.0,True,0.7403042316436768,False
032A28.JPG,/Users/horganm0/.copilot/repos/copilot-worktrees/age-estimator/horganm0-risk-cautious-journey/data/fgnet_raw/FGNET/images/032A28.JPG,32,28,56.0,7.0,True,0.6459582448005676,False
032A33.JPG,/Users/horganm0/.copilot/repos/copilot-worktrees/age-estimator/horganm0-risk-cautious-journey/data/fgnet_raw/FGNET/images/032A33.JPG,32,33,56.0,6.0,True,0.6947383880615234,False
032A35.JPG,/Users/horganm0/.copilot/repos/copilot-worktrees/age-estimator/horganm0-risk-cautious-journey/data/fgnet_raw/FGNET/images/032A35.JPG,32,35,56.0,8.0,True,0.7231466770172119,False
032A40.JPG,/Users/horganm0/.copilot/repos/copilot-worktrees/age-estimator/horganm0-risk-cautious-journey/data/fgnet_raw/FGNET/images/032A40.JPG,32,40,59.0,8.0,True,0.7334491610527039,True
033A02.JPG,/Users/horganm0/.copilot/repos/copilot-worktrees/age-estimator/horganm0-risk-cautious-journey/data/fgnet_raw/FGNET/images/033A02.JPG,33,2,5.0,24.0,True,0.5330088138580322,False
033A05.JPG,/Users/horganm0/.copilot/repos/copilot-worktrees/age-estimator/horganm0-risk-cautious-journey/data/fgnet_raw/FGNET/images/033A05.JPG,33,5,15.0,0.0,True,0.7102386355400085,False
033A10.JPG,/Users/horganm0/.copilot/repos/copilot-worktrees/age-estimator/horganm0-risk-cautious-journey/data/fgnet_raw/FGNET/images/033A10.JPG,33,10,15.0,2.0,True,0.683925449848175,False
033A14.JPG,/Users/horganm0/.copilot/repos/copilot-worktrees/age-estimator/horganm0-risk-cautious-journey/data/fgnet_raw/FGNET/images/033A14.JPG,33,14,17.0,3.0,True,0.7921076416969299,True
033A18.JPG,/Users/horganm0/.copilot/repos/copilot-worktrees/age-estimator/horganm0-risk-cautious-journey/data/fgnet_raw/FGNET/images/033A18.JPG,33,18,24.0,7.0,True,0.7773334980010986,True
033A21.JPG,/Users/horganm0/.copilot/repos/copilot-worktrees/age-estimator/horganm0-risk-cautious-journey/data/fgnet_raw/FGNET/images/033A21.JPG,33,21,27.0,5.0,True,0.6785369515419006,False
033A25.JPG,/Users/horganm0/.copilot/repos/copilot-worktrees/age-estimator/horganm0-risk-cautious-journey/data/fgnet_raw/FGNET/images/033A25.JPG,33,25,35.0,17.0,True,0.7930088043212891,True
033A30.JPG,/Users/horganm0/.copilot/repos/copilot-worktrees/age-estimator/horganm0-risk-cautious-journey/data/fgnet_raw/FGNET/images/033A30.JPG,33,30,42.0,15.0,True,0.7688983678817749,True
033A35.JPG,/Users/horganm0/.copilot/repos/copilot-worktrees/age-estimator/horganm0-risk-cautious-journey/data/fgnet_raw/FGNET/images/033A35.JPG,33,35,50.0,16.0,True,0.6886359453201294,False
033A39.JPG,/Users/horganm0/.copilot/repos/copilot-worktrees/age-estimator/horganm0-risk-cautious-journey/data/fgnet_raw/FGNET/images/033A39.JPG,33,39,55.0,6.0,True,0.7434400916099548,False
033A44.JPG,/Users/horganm0/.copilot/repos/copilot-worktrees/age-estimator/horganm0-risk-cautious-journey/data/fgnet_raw/FGNET/images/033A44.JPG,33,44,60.0,10.0,True,0.8175307512283325,True
034A02.JPG,/Users/horganm0/.copilot/repos/copilot-worktrees/age-estimator/horganm0-risk-cautious-journey/data/fgnet_raw/FGNET/images/034A02.JPG,34,2,3.0,0.0,True,0.6944690346717834,False
034A04.JPG,/Users/horganm0/.copilot/repos/copilot-worktrees/age-estimator/horganm0-risk-cautious-journey/data/fgnet_raw/FGNET/images/034A04.JPG,34,4,6.0,2.0,True,0.6763759851455688,False
034A11.JPG,/Users/horganm0/.copilot/repos/copilot-worktrees/age-estimator/horganm0-risk-cautious-journey/data/fgnet_raw/FGNET/images/034A11.JPG,34,11,26.0,5.0,True,0.696373462677002,False
034A13.JPG,/Users/horganm0/.copilot/repos/copilot-worktrees/age-estimator/horganm0-risk-cautious-journey/data/fgnet_raw/FGNET/images/034A13.JPG,34,13,24.0,10.0,True,0.7199644446372986,False
034A15.JPG,/Users/horganm0/.copilot/repos/copilot-worktrees/age-estimator/horganm0-risk-cautious-journey/data/fgnet_raw/FGNET/images/034A15.JPG,34,15,28.0,7.0,True,0.6988326907157898,False
034A16.JPG,/Users/horganm0/.copilot/repos/copilot-worktrees/age-estimator/horganm0-risk-cautious-journey/data/fgnet_raw/FGNET/images/034A16.JPG,34,16,25.0,8.0,True,0.6559329628944397,False
034A18.JPG,/Users/horganm0/.copilot/repos/copilot-worktrees/age-estimator/horganm0-risk-cautious-journey/data/fgnet_raw/FGNET/images/034A18.JPG,34,18,21.0,8.0,True,0.6865490078926086,False
034A21.JPG,/Users/horganm0/.copilot/repos/copilot-worktrees/age-estimator/horganm0-risk-cautious-journey/data/fgnet_raw/FGNET/images/034A21.JPG,34,21,29.0,8.0,True,0.7117639183998108,False
034A25.JPG,/Users/horganm0/.copilot/repos/copilot-worktrees/age-estimator/horganm0-risk-cautious-journey/data/fgnet_raw/FGNET/images/034A25.JPG,34,25,40.0,28.0,True,0.8542495369911194,True
034A30.JPG,/Users/horganm0/.copilot/repos/copilot-worktrees/age-estimator/horganm0-risk-cautious-journey/data/fgnet_raw/FGNET/images/034A30.JPG,34,30,56.0,20.0,True,0.7565509080886841,False
034A35.JPG,/Users/horganm0/.copilot/repos/copilot-worktrees/age-estimator/horganm0-risk-cautious-journey/data/fgnet_raw/FGNET/images/034A35.JPG,34,35,32.0,11.0,True,0.7109272480010986,False
034A39.JPG,/Users/horganm0/.copilot/repos/copilot-worktrees/age-estimator/horganm0-risk-cautious-journey/data/fgnet_raw/FGNET/images/034A39.JPG,34,39,40.0,12.0,True,0.7020250558853149,False
034A44.JPG,/Users/horganm0/.copilot/repos/copilot-worktrees/age-estimator/horganm0-risk-cautious-journey/data/fgnet_raw/FGNET/images/034A44.JPG,34,44,53.0,9.0,True,0.7259522080421448,False
035A00.JPG,/Users/horganm0/.copilot/repos/copilot-worktrees/age-estimator/horganm0-risk-cautious-journey/data/fgnet_raw/FGNET/images/035A00.JPG,35,0,1.0,0.0,True,0.7748589515686035,True
035A01.JPG,/Users/horganm0/.copilot/repos/copilot-worktrees/age-estimator/horganm0-risk-cautious-journey/data/fgnet_raw/FGNET/images/035A01.JPG,35,1,3.0,2.0,True,0.6479808688163757,False
035A03.JPG,/Users/horganm0/.copilot/repos/copilot-worktrees/age-estimator/horganm0-risk-cautious-journey/data/fgnet_raw/FGNET/images/035A03.JPG,35,3,5.0,1.0,True,0.7477328181266785,False
035A05.JPG,/Users/horganm0/.copilot/repos/copilot-worktrees/age-estimator/horganm0-risk-cautious-journey/data/fgnet_raw/FGNET/images/035A05.JPG,35,5,8.0,4.0,True,0.6147644519805908,False
035A07.JPG,/Users/horganm0/.copilot/repos/copilot-worktrees/age-estimator/horganm0-risk-cautious-journey/data/fgnet_raw/FGNET/images/035A07.JPG,35,7,8.0,2.0,True,0.687478244304657,False
035A08.JPG,/Users/horganm0/.copilot/repos/copilot-worktrees/age-estimator/horganm0-risk-cautious-journey/data/fgnet_raw/FGNET/images/035A08.JPG,35,8,11.0,2.0,True,0.6978135704994202,False
035A09.JPG,/Users/horganm0/.copilot/repos/copilot-worktrees/age-estimator/horganm0-risk-cautious-journey/data/fgnet_raw/FGNET/images/035A09.JPG,35,9,11.0,3.0,True,0.6342958211898804,False
035A12.JPG,/Users/horganm0/.copilot/repos/copilot-worktrees/age-estimator/horganm0-risk-cautious-journey/data/fgnet_raw/FGNET/images/035A12.JPG,35,12,8.0,2.0,True,0.7339946627616882,False
035A14.JPG,/Users/horganm0/.copilot/repos/copilot-worktrees/age-estimator/horganm0-risk-cautious-journey/data/fgnet_raw/FGNET/images/035A14.JPG,35,14,15.0,2.0,True,0.7100083827972412,False
035A16.JPG,/Users/horganm0/.copilot/repos/copilot-worktrees/age-estimator/horganm0-risk-cautious-journey/data/fgnet_raw/FGNET/images/035A16.JPG,35,16,18.0,5.0,True,0.6985963582992554,False
035A18.JPG,/Users/horganm0/.copilot/repos/copilot-worktrees/age-estimator/horganm0-risk-cautious-journey/data/fgnet_raw/FGNET/images/035A18.JPG,35,18,25.0,8.0,True,0.6403051614761353,False
035A21.JPG,/Users/horganm0/.copilot/repos/copilot-worktrees/age-estimator/horganm0-risk-cautious-journey/data/fgnet_raw/FGNET/images/035A21.JPG,35,21,25.0,20.0,True,0.6777101159095764,False
035A23a.JPG,/Users/horganm0/.copilot/repos/copilot-worktrees/age-estimator/horganm0-risk-cautious-journey/data/fgnet_raw/FGNET/images/035A23a.JPG,35,23,39.0,8.0,True,0.8143418431282043,True
035A23b.JPG,/Users/horganm0/.copilot/repos/copilot-worktrees/age-estimator/horganm0-risk-cautious-journey/data/fgnet_raw/FGNET/images/035A23b.JPG,35,23,35.0,15.0,True,0.7206712365150452,False
036A00.JPG,/Users/horganm0/.copilot/repos/copilot-worktrees/age-estimator/horganm0-risk-cautious-journey/data/fgnet_raw/FGNET/images/036A00.JPG,36,0,2.0,2.0,True,0.6981600522994995,False
036A01.JPG,/Users/horganm0/.copilot/repos/copilot-worktrees/age-estimator/horganm0-risk-cautious-journey/data/fgnet_raw/FGNET/images/036A01.JPG,36,1,4.0,1.0,True,0.6281051635742188,False
036A03.JPG,/Users/horganm0/.copilot/repos/copilot-worktrees/age-estimator/horganm0-risk-cautious-journey/data/fgnet_raw/FGNET/images/036A03.JPG,36,3,5.0,1.0,True,0.6701270341873169,False
036A05.JPG,/Users/horganm0/.copilot/repos/copilot-worktrees/age-estimator/horganm0-risk-cautious-journey/data/fgnet_raw/FGNET/images/036A05.JPG,36,5,8.0,3.0,True,0.6124769449234009,False
036A06.JPG,/Users/horganm0/.copilot/repos/copilot-worktrees/age-estimator/horganm0-risk-cautious-journey/data/fgnet_raw/FGNET/images/036A06.JPG,36,6,9.0,4.0,True,0.6115561127662659,False
036A08.JPG,/Users/horganm0/.copilot/repos/copilot-worktrees/age-estimator/horganm0-risk-cautious-journey/data/fgnet_raw/FGNET/images/036A08.JPG,36,8,9.0,5.0,True,0.6480201482772827,False
036A11.JPG,/Users/horganm0/.copilot/repos/copilot-worktrees/age-estimator/horganm0-risk-cautious-journey/data/fgnet_raw/FGNET/images/036A11.JPG,36,11,12.0,7.0,True,0.6624797582626343,False
036A13.JPG,/Users/horganm0/.copilot/repos/copilot-worktrees/age-estimator/horganm0-risk-cautious-journey/data/fgnet_raw/FGNET/images/036A13.JPG,36,13,15.0,7.0,True,0.6980862021446228,False
036A15.JPG,/Users/horganm0/.copilot/repos/copilot-worktrees/age-estimator/horganm0-risk-cautious-journey/data/fgnet_raw/FGNET/images/036A15.JPG,36,15,24.0,5.0,True,0.6885610222816467,False
036A17.JPG,/Users/horganm0/.copilot/repos/copilot-worktrees/age-estimator/horganm0-risk-cautious-journey/data/fgnet_raw/FGNET/images/036A17.JPG,36,17,17.0,13.0,True,0.7056605219841003,False
036A18.JPG,/Users/horganm0/.copilot/repos/copilot-worktrees/age-estimator/horganm0-risk-cautious-journey/data/fgnet_raw/FGNET/images/036A18.JPG,36,18,32.0,7.0,True,0.6468759179115295,False
036A19.JPG,/Users/horganm0/.copilot/repos/copilot-worktrees/age-estimator/horganm0-risk-cautious-journey/data/fgnet_raw/FGNET/images/036A19.JPG,36,19,26.0,6.0,True,0.7612539529800415,False
036A20.JPG,/Users/horganm0/.copilot/repos/copilot-worktrees/age-estimator/horganm0-risk-cautious-journey/data/fgnet_raw/FGNET/images/036A20.JPG,36,20,26.0,7.0,True,0.6949384212493896,False
037A00.JPG,/Users/horganm0/.copilot/repos/copilot-worktrees/age-estimator/horganm0-risk-cautious-journey/data/fgnet_raw/FGNET/images/037A00.JPG,37,0,3.0,2.0,True,0.64177006483078,False
037A01.JPG,/Users/horganm0/.copilot/repos/copilot-worktrees/age-estimator/horganm0-risk-cautious-journey/data/fgnet_raw/FGNET/images/037A01.JPG,37,1,4.0,2.0,True,0.5946232676506042,False
037A02.JPG,/Users/horganm0/.copilot/repos/copilot-worktrees/age-estimator/horganm0-risk-cautious-journey/data/fgnet_raw/FGNET/images/037A02.JPG,37,2,5.0,4.0,True,0.5921764969825745,False
037A04.JPG,/Users/horganm0/.copilot/repos/copilot-worktrees/age-estimator/horganm0-risk-cautious-journey/data/fgnet_raw/FGNET/images/037A04.JPG,37,4,10.0,3.0,True,0.6199053525924683,False
037A06.JPG,/Users/horganm0/.copilot/repos/copilot-worktrees/age-estimator/horganm0-risk-cautious-journey/data/fgnet_raw/FGNET/images/037A06.JPG,37,6,6.0,4.0,True,0.6579645872116089,False
037A08.JPG,/Users/horganm0/.copilot/repos/copilot-worktrees/age-estimator/horganm0-risk-cautious-journey/data/fgnet_raw/FGNET/images/037A08.JPG,37,8,10.0,4.0,True,0.6339036226272583,False
037A09.JPG,/Users/horganm0/.copilot/repos/copilot-worktrees/age-estimator/horganm0-risk-cautious-journey/data/fgnet_raw/FGNET/images/037A09.JPG,37,9,8.0,3.0,True,0.6613415479660034,False
037A11.JPG,/Users/horganm0/.copilot/repos/copilot-worktrees/age-estimator/horganm0-risk-cautious-journey/data/fgnet_raw/FGNET/images/037A11.JPG,37,11,12.0,7.0,True,0.6890026330947876,False
037A13.JPG,/Users/horganm0/.copilot/repos/copilot-worktrees/age-estimator/horganm0-risk-cautious-journey/data/fgnet_raw/FGNET/images/037A13.JPG,37,13,10.0,3.0,True,0.5697697997093201,False
037A17.JPG,/Users/horganm0/.copilot/repos/copilot-worktrees/age-estimator/horganm0-risk-cautious-journey/data/fgnet_raw/FGNET/images/037A17.JPG,37,17,29.0,13.0,True,0.6768529415130615,False
037A18.JPG,/Users/horganm0/.copilot/repos/copilot-worktrees/age-estimator/horganm0-risk-cautious-journey/data/fgnet_raw/FGNET/images/037A18.JPG,37,18,24.0,11.0,True,0.6433277130126953,False
037A19.JPG,/Users/horganm0/.copilot/repos/copilot-worktrees/age-estimator/horganm0-risk-cautious-journey/data/fgnet_raw/FGNET/images/037A19.JPG,37,19,23.0,11.0,True,0.7356957793235779,True
038A00.JPG,/Users/horganm0/.copilot/repos/copilot-worktrees/age-estimator/horganm0-risk-cautious-journey/data/fgnet_raw/FGNET/images/038A00.JPG,38,0,90.0,0.0,False,0.0,False
038A01.JPG,/Users/horganm0/.copilot/repos/copilot-worktrees/age-estimator/horganm0-risk-cautious-journey/data/fgnet_raw/FGNET/images/038A01.JPG,38,1,24.0,66.0,True,0.6769639849662781,False
038A03.JPG,/Users/horganm0/.copilot/repos/copilot-worktrees/age-estimator/horganm0-risk-cautious-journey/data/fgnet_raw/FGNET/images/038A03.JPG,38,3,9.0,7.0,True,0.6628044843673706,False
038A04.JPG,/Users/horganm0/.copilot/repos/copilot-worktrees/age-estimator/horganm0-risk-cautious-journey/data/fgnet_raw/FGNET/images/038A04.JPG,38,4,20.0,13.0,True,0.6515762805938721,False
038A05.JPG,/Users/horganm0/.copilot/repos/copilot-worktrees/age-estimator/horganm0-risk-cautious-journey/data/fgnet_raw/FGNET/images/038A05.JPG,38,5,8.0,2.0,True,0.6955700516700745,False
038A08.JPG,/Users/horganm0/.copilot/repos/copilot-worktrees/age-estimator/horganm0-risk-cautious-journey/data/fgnet_raw/FGNET/images/038A08.JPG,38,8,8.0,1.0,True,0.639185905456543,False
038A10.JPG,/Users/horganm0/.copilot/repos/copilot-worktrees/age-estimator/horganm0-risk-cautious-journey/data/fgnet_raw/FGNET/images/038A10.JPG,38,10,20.0,18.0,True,0.5957337617874146,False
038A11.JPG,/Users/horganm0/.copilot/repos/copilot-worktrees/age-estimator/horganm0-risk-cautious-journey/data/fgnet_raw/FGNET/images/038A11.JPG,38,11,50.0,26.0,True,0.5899571180343628,False
038A13.JPG,/Users/horganm0/.copilot/repos/copilot-worktrees/age-estimator/horganm0-risk-cautious-journey/data/fgnet_raw/FGNET/images/038A13.JPG,38,13,28.0,7.0,True,0.6828520894050598,False
038A14.JPG,/Users/horganm0/.copilot/repos/copilot-worktrees/age-estimator/horganm0-risk-cautious-journey/data/fgnet_raw/FGNET/images/038A14.JPG,38,14,35.0,27.0,True,0.6827130317687988,False
038A17.JPG,/Users/horganm0/.copilot/repos/copilot-worktrees/age-estimator/horganm0-risk-cautious-journey/data/fgnet_raw/FGNET/images/038A17.JPG,38,17,35.0,30.0,True,0.6885769963264465,False
038A21.JPG,/Users/horganm0/.copilot/repos/copilot-worktrees/age-estimator/horganm0-risk-cautious-journey/data/fgnet_raw/FGNET/images/038A21.JPG,38,21,28.0,17.0,True,0.6128445267677307,False
038A23.JPG,/Users/horganm0/.copilot/repos/copilot-worktrees/age-estimator/horganm0-risk-cautious-journey/data/fgnet_raw/FGNET/images/038A23.JPG,38,23,39.0,11.0,True,0.6106050610542297,False
038A34.JPG,/Users/horganm0/.copilot/repos/copilot-worktrees/age-estimator/horganm0-risk-cautious-journey/data/fgnet_raw/FGNET/images/038A34.JPG,38,34,42.0,11.0,True,0.7193726301193237,False
039A02.JPG,/Users/horganm0/.copilot/repos/copilot-worktrees/age-estimator/horganm0-risk-cautious-journey/data/fgnet_raw/FGNET/images/039A02.JPG,39,2,11.0,17.0,True,0.7242588400840759,False
039A05.JPG,/Users/horganm0/.copilot/repos/copilot-worktrees/age-estimator/horganm0-risk-cautious-journey/data/fgnet_raw/FGNET/images/039A05.JPG,39,5,24.0,71.0,True,0.6898179650306702,False
039A07.JPG,/Users/horganm0/.copilot/repos/copilot-worktrees/age-estimator/horganm0-risk-cautious-journey/data/fgnet_raw/FGNET/images/039A07.JPG,39,7,24.0,11.0,True,0.6595228314399719,False
039A10.JPG,/Users/horganm0/.copilot/repos/copilot-worktrees/age-estimator/horganm0-risk-cautious-journey/data/fgnet_raw/FGNET/images/039A10.JPG,39,10,30.0,11.0,True,0.7659302353858948,False
039A11.JPG,/Users/horganm0/.copilot/repos/copilot-worktrees/age-estimator/horganm0-risk-cautious-journey/data/fgnet_raw/FGNET/images/039A11.JPG,39,11,17.0,10.0,True,0.6596190333366394,False
039A13.JPG,/Users/horganm0/.copilot/repos/copilot-worktrees/age-estimator/horganm0-risk-cautious-journey/data/fgnet_raw/FGNET/images/039A13.JPG,39,13,21.0,8.0,True,0.6410948038101196,False
039A15.JPG,/Users/horganm0/.copilot/repos/copilot-worktrees/age-estimator/horganm0-risk-cautious-journey/data/fgnet_raw/FGNET/images/039A15.JPG,39,15,22.0,11.0,True,0.6450759172439575,False
039A16.JPG,/Users/horganm0/.copilot/repos/copilot-worktrees/age-estimator/horganm0-risk-cautious-journey/data/fgnet_raw/FGNET/images/039A16.JPG,39,16,24.0,9.0,True,0.594819962978363,False
039A17.JPG,/Users/horganm0/.copilot/repos/copilot-worktrees/age-estimator/horganm0-risk-cautious-journey/data/fgnet_raw/FGNET/images/039A17.JPG,39,17,25.0,11.0,True,0.7986226081848145,False
039A19.JPG,/Users/horganm0/.copilot/repos/copilot-worktrees/age-estimator/horganm0-risk-cautious-journey/data/fgnet_raw/FGNET/images/039A19.JPG,39,19,28.0,10.0,True,0.6093581318855286,False
039A35.JPG,/Users/horganm0/.copilot/repos/copilot-worktrees/age-estimator/horganm0-risk-cautious-journey/data/fgnet_raw/FGNET/images/039A35.JPG,39,35,52.0,26.0,True,0.6981094479560852,False
039A45.JPG,/Users/horganm0/.copilot/repos/copilot-worktrees/age-estimator/horganm0-risk-cautious-journey/data/fgnet_raw/FGNET/images/039A45.JPG,39,45,43.0,26.0,True,0.6327122449874878,False
039A50.JPG,/Users/horganm0/.copilot/repos/copilot-worktrees/age-estimator/horganm0-risk-cautious-journey/data/fgnet_raw/FGNET/images/039A50.JPG,39,50,50.0,7.0,True,0.7124115228652954,False
039A52.JPG,/Users/horganm0/.copilot/repos/copilot-worktrees/age-estimator/horganm0-risk-cautious-journey/data/fgnet_raw/FGNET/images/039A52.JPG,39,52,53.0,7.0,True,0.8253152966499329,True
040A00.JPG,/Users/horganm0/.copilot/repos/copilot-worktrees/age-estimator/horganm0-risk-cautious-journey/data/fgnet_raw/FGNET/images/040A00.JPG,40,0,2.0,2.0,True,0.7316397428512573,False
040A02.JPG,/Users/horganm0/.copilot/repos/copilot-worktrees/age-estimator/horganm0-risk-cautious-journey/data/fgnet_raw/FGNET/images/040A02.JPG,40,2,4.0,2.0,True,0.6067639589309692,False
040A03a.JPG,/Users/horganm0/.copilot/repos/copilot-worktrees/age-estimator/horganm0-risk-cautious-journey/data/fgnet_raw/FGNET/images/040A03a.JPG,40,3,7.0,2.0,True,0.670200526714325,True
040A03b.JPG,/Users/horganm0/.copilot/repos/copilot-worktrees/age-estimator/horganm0-risk-cautious-journey/data/fgnet_raw/FGNET/images/040A03b.JPG,40,3,2.0,2.0,True,0.5899083614349365,False
040A05.JPG,/Users/horganm0/.copilot/repos/copilot-worktrees/age-estimator/horganm0-risk-cautious-journey/data/fgnet_raw/FGNET/images/040A05.JPG,40,5,10.0,6.0,True,0.6636266708374023,False
040A06.JPG,/Users/horganm0/.copilot/repos/copilot-worktrees/age-estimator/horganm0-risk-cautious-journey/data/fgnet_raw/FGNET/images/040A06.JPG,40,6,8.0,7.0,True,0.7104194760322571,True
040A07.JPG,/Users/horganm0/.copilot/repos/copilot-worktrees/age-estimator/horganm0-risk-cautious-journey/data/fgnet_raw/FGNET/images/040A07.JPG,40,7,29.0,17.0,True,0.5967820286750793,False
040A09.JPG,/Users/horganm0/.copilot/repos/copilot-worktrees/age-estimator/horganm0-risk-cautious-journey/data/fgnet_raw/FGNET/images/040A09.JPG,40,9,12.0,4.0,True,0.5713292956352234,False
040A10.JPG,/Users/horganm0/.copilot/repos/copilot-worktrees/age-estimator/horganm0-risk-cautious-journey/data/fgnet_raw/FGNET/images/040A10.JPG,40,10,14.0,5.0,True,0.5835463404655457,False
040A12.JPG,/Users/horganm0/.copilot/repos/copilot-worktrees/age-estimator/horganm0-risk-cautious-journey/data/fgnet_raw/FGNET/images/040A12.JPG,40,12,18.0,11.0,True,0.676322340965271,False
040A14.JPG,/Users/horganm0/.copilot/repos/copilot-worktrees/age-estimator/horganm0-risk-cautious-journey/data/fgnet_raw/FGNET/images/040A14.JPG,40,14,14.0,1.0,True,0.619676411151886,False
040A16.JPG,/Users/horganm0/.copilot/repos/copilot-worktrees/age-estimator/horganm0-risk-cautious-journey/data/fgnet_raw/FGNET/images/040A16.JPG,40,16,21.0,8.0,True,0.6989841461181641,False
040A19.JPG,/Users/horganm0/.copilot/repos/copilot-worktrees/age-estimator/horganm0-risk-cautious-journey/data/fgnet_raw/FGNET/images/040A19.JPG,40,19,27.0,6.0,True,0.7556008100509644,False
040A21.JPG,/Users/horganm0/.copilot/repos/copilot-worktrees/age-estimator/horganm0-risk-cautious-journey/data/fgnet_raw/FGNET/images/040A21.JPG,40,21,28.0,9.0,True,0.7479997873306274,False
041A00.JPG,/Users/horganm0/.copilot/repos/copilot-worktrees/age-estimator/horganm0-risk-cautious-journey/data/fgnet_raw/FGNET/images/041A00.JPG,41,0,4.0,0.0,True,0.6510290503501892,False
041A02.JPG,/Users/horganm0/.copilot/repos/copilot-worktrees/age-estimator/horganm0-risk-cautious-journey/data/fgnet_raw/FGNET/images/041A02.JPG,41,2,4.0,1.0,True,0.661130428314209,False
041A04.JPG,/Users/horganm0/.copilot/repos/copilot-worktrees/age-estimator/horganm0-risk-cautious-journey/data/fgnet_raw/FGNET/images/041A04.JPG,41,4,5.0,4.0,True,0.7833510637283325,False
041A06.JPG,/Users/horganm0/.copilot/repos/copilot-worktrees/age-estimator/horganm0-risk-cautious-journey/data/fgnet_raw/FGNET/images/041A06.JPG,41,6,7.0,3.0,True,0.6257149577140808,False
041A09.JPG,/Users/horganm0/.copilot/repos/copilot-worktrees/age-estimator/horganm0-risk-cautious-journey/data/fgnet_raw/FGNET/images/041A09.JPG,41,9,8.0,3.0,True,0.6183332204818726,False
041A13.JPG,/Users/horganm0/.copilot/repos/copilot-worktrees/age-estimator/horganm0-risk-cautious-journey/data/fgnet_raw/FGNET/images/041A13.JPG,41,13,8.0,3.0,True,0.6143830418586731,False
041A19.JPG,/Users/horganm0/.copilot/repos/copilot-worktrees/age-estimator/horganm0-risk-cautious-journey/data/fgnet_raw/FGNET/images/041A19.JPG,41,19,26.0,5.0,True,0.6969703435897827,False
041A20.JPG,/Users/horganm0/.copilot/repos/copilot-worktrees/age-estimator/horganm0-risk-cautious-journey/data/fgnet_raw/FGNET/images/041A20.JPG,41,20,28.0,6.0,True,0.772700309753418,True
041A21.JPG,/Users/horganm0/.copilot/repos/copilot-worktrees/age-estimator/horganm0-risk-cautious-journey/data/fgnet_raw/FGNET/images/041A21.JPG,41,21,26.0,3.0,True,0.7287337183952332,True
041A24.JPG,/Users/horganm0/.copilot/repos/copilot-worktrees/age-estimator/horganm0-risk-cautious-journey/data/fgnet_raw/FGNET/images/041A24.JPG,41,24,29.0,8.0,True,0.7669975161552429,True
042A00.JPG,/Users/horganm0/.copilot/repos/copilot-worktrees/age-estimator/horganm0-risk-cautious-journey/data/fgnet_raw/FGNET/images/042A00.JPG,42,0,3.0,1.0,True,0.7198437452316284,False
042A01.JPG,/Users/horganm0/.copilot/repos/copilot-worktrees/age-estimator/horganm0-risk-cautious-journey/data/fgnet_raw/FGNET/images/042A01.JPG,42,1,8.0,9.0,True,0.7666987776756287,False
042A04.JPG,/Users/horganm0/.copilot/repos/copilot-worktrees/age-estimator/horganm0-risk-cautious-journey/data/fgnet_raw/FGNET/images/042A04.JPG,42,4,90.0,0.0,False,0.0,False
042A05.JPG,/Users/horganm0/.copilot/repos/copilot-worktrees/age-estimator/horganm0-risk-cautious-journey/data/fgnet_raw/FGNET/images/042A05.JPG,42,5,6.0,2.0,True,0.6214971542358398,False
042A06.JPG,/Users/horganm0/.copilot/repos/copilot-worktrees/age-estimator/horganm0-risk-cautious-journey/data/fgnet_raw/FGNET/images/042A06.JPG,42,6,15.0,2.0,True,0.6220191717147827,False
042A08.JPG,/Users/horganm0/.copilot/repos/copilot-worktrees/age-estimator/horganm0-risk-cautious-journey/data/fgnet_raw/FGNET/images/042A08.JPG,42,8,8.0,3.0,True,0.7342004179954529,True
042A10.JPG,/Users/horganm0/.copilot/repos/copilot-worktrees/age-estimator/horganm0-risk-cautious-journey/data/fgnet_raw/FGNET/images/042A10.JPG,42,10,13.0,4.0,True,0.7163869738578796,False
042A12.JPG,/Users/horganm0/.copilot/repos/copilot-worktrees/age-estimator/horganm0-risk-cautious-journey/data/fgnet_raw/FGNET/images/042A12.JPG,42,12,17.0,8.0,True,0.6579772233963013,False
042A14.JPG,/Users/horganm0/.copilot/repos/copilot-worktrees/age-estimator/horganm0-risk-cautious-journey/data/fgnet_raw/FGNET/images/042A14.JPG,42,14,25.0,48.0,True,0.7643760442733765,False
042A18.JPG,/Users/horganm0/.copilot/repos/copilot-worktrees/age-estimator/horganm0-risk-cautious-journey/data/fgnet_raw/FGNET/images/042A18.JPG,42,18,27.0,7.0,True,0.627018928527832,False
042A20.JPG,/Users/horganm0/.copilot/repos/copilot-worktrees/age-estimator/horganm0-risk-cautious-journey/data/fgnet_raw/FGNET/images/042A20.JPG,42,20,25.0,6.0,True,0.7351222634315491,True
042A24.JPG,/Users/horganm0/.copilot/repos/copilot-worktrees/age-estimator/horganm0-risk-cautious-journey/data/fgnet_raw/FGNET/images/042A24.JPG,42,24,25.0,7.0,True,0.7849494218826294,True
042A28.JPG,/Users/horganm0/.copilot/repos/copilot-worktrees/age-estimator/horganm0-risk-cautious-journey/data/fgnet_raw/FGNET/images/042A28.JPG,42,28,34.0,10.0,True,0.7991482615470886,True
043A00.JPG,/Users/horganm0/.copilot/repos/copilot-worktrees/age-estimator/horganm0-risk-cautious-journey/data/fgnet_raw/FGNET/images/043A00.JPG,43,0,3.0,3.0,True,0.7253930568695068,False
043A03.JPG,/Users/horganm0/.copilot/repos/copilot-worktrees/age-estimator/horganm0-risk-cautious-journey/data/fgnet_raw/FGNET/images/043A03.JPG,43,3,5.0,1.0,True,0.6033012866973877,False
043A04.JPG,/Users/horganm0/.copilot/repos/copilot-worktrees/age-estimator/horganm0-risk-cautious-journey/data/fgnet_raw/FGNET/images/043A04.JPG,43,4,4.0,2.0,True,0.5706759691238403,False
043A05.JPG,/Users/horganm0/.copilot/repos/copilot-worktrees/age-estimator/horganm0-risk-cautious-journey/data/fgnet_raw/FGNET/images/043A05.JPG,43,5,5.0,11.0,True,0.5513734817504883,False
043A10.JPG,/Users/horganm0/.copilot/repos/copilot-worktrees/age-estimator/horganm0-risk-cautious-journey/data/fgnet_raw/FGNET/images/043A10.JPG,43,10,28.0,10.0,True,0.666839063167572,False
043A13.JPG,/Users/horganm0/.copilot/repos/copilot-worktrees/age-estimator/horganm0-risk-cautious-journey/data/fgnet_raw/FGNET/images/043A13.JPG,43,13,27.0,17.0,True,0.7224271893501282,True
043A15.JPG,/Users/horganm0/.copilot/repos/copilot-worktrees/age-estimator/horganm0-risk-cautious-journey/data/fgnet_raw/FGNET/images/043A15.JPG,43,15,26.0,8.0,True,0.6282815337181091,False
043A17.JPG,/Users/horganm0/.copilot/repos/copilot-worktrees/age-estimator/horganm0-risk-cautious-journey/data/fgnet_raw/FGNET/images/043A17.JPG,43,17,27.0,8.0,True,0.7813534736633301,False
043A19.JPG,/Users/horganm0/.copilot/repos/copilot-worktrees/age-estimator/horganm0-risk-cautious-journey/data/fgnet_raw/FGNET/images/043A19.JPG,43,19,24.0,12.0,True,0.6148489117622375,False
043A23.JPG,/Users/horganm0/.copilot/repos/copilot-worktrees/age-estimator/horganm0-risk-cautious-journey/data/fgnet_raw/FGNET/images/043A23.JPG,43,23,25.0,17.0,True,0.7788956761360168,False
043A27.JPG,/Users/horganm0/.copilot/repos/copilot-worktrees/age-estimator/horganm0-risk-cautious-journey/data/fgnet_raw/FGNET/images/043A27.JPG,43,27,48.0,22.0,True,0.7027959227561951,False
044A01.JPG,/Users/horganm0/.copilot/repos/copilot-worktrees/age-estimator/horganm0-risk-cautious-journey/data/fgnet_raw/FGNET/images/044A01.JPG,44,1,20.0,39.0,True,0.7146453857421875,False
044A03.JPG,/Users/horganm0/.copilot/repos/copilot-worktrees/age-estimator/horganm0-risk-cautious-journey/data/fgnet_raw/FGNET/images/044A03.JPG,44,3,14.0,8.0,True,0.5734872817993164,False
044A05.JPG,/Users/horganm0/.copilot/repos/copilot-worktrees/age-estimator/horganm0-risk-cautious-journey/data/fgnet_raw/FGNET/images/044A05.JPG,44,5,8.0,3.0,True,0.7322854995727539,False
044A07.JPG,/Users/horganm0/.copilot/repos/copilot-worktrees/age-estimator/horganm0-risk-cautious-journey/data/fgnet_raw/FGNET/images/044A07.JPG,44,7,6.0,3.0,True,0.6509143114089966,False
044A13.JPG,/Users/horganm0/.copilot/repos/copilot-worktrees/age-estimator/horganm0-risk-cautious-journey/data/fgnet_raw/FGNET/images/044A13.JPG,44,13,22.0,8.0,True,0.571678102016449,False
044A15.JPG,/Users/horganm0/.copilot/repos/copilot-worktrees/age-estimator/horganm0-risk-cautious-journey/data/fgnet_raw/FGNET/images/044A15.JPG,44,15,24.0,7.0,True,0.7223525643348694,True
044A17.JPG,/Users/horganm0/.copilot/repos/copilot-worktrees/age-estimator/horganm0-risk-cautious-journey/data/fgnet_raw/FGNET/images/044A17.JPG,44,17,24.0,9.0,True,0.70872563123703,False
044A18.JPG,/Users/horganm0/.copilot/repos/copilot-worktrees/age-estimator/horganm0-risk-cautious-journey/data/fgnet_raw/FGNET/images/044A18.JPG,44,18,26.0,15.0,True,0.6823682188987732,True
044A21.JPG,/Users/horganm0/.copilot/repos/copilot-worktrees/age-estimator/horganm0-risk-cautious-journey/data/fgnet_raw/FGNET/images/044A21.JPG,44,21,28.0,12.0,True,0.8165304660797119,True
044A25.JPG,/Users/horganm0/.copilot/repos/copilot-worktrees/age-estimator/horganm0-risk-cautious-journey/data/fgnet_raw/FGNET/images/044A25.JPG,44,25,35.0,10.0,True,0.7625981569290161,True
045A03.JPG,/Users/horganm0/.copilot/repos/copilot-worktrees/age-estimator/horganm0-risk-cautious-journey/data/fgnet_raw/FGNET/images/045A03.JPG,45,3,26.0,14.0,True,0.6500595808029175,False
045A06.JPG,/Users/horganm0/.copilot/repos/copilot-worktrees/age-estimator/horganm0-risk-cautious-journey/data/fgnet_raw/FGNET/images/045A06.JPG,45,6,26.0,15.0,True,0.7129950523376465,True
045A08.JPG,/Users/horganm0/.copilot/repos/copilot-worktrees/age-estimator/horganm0-risk-cautious-journey/data/fgnet_raw/FGNET/images/045A08.JPG,45,8,8.0,0.0,True,0.6674612760543823,False
045A12.JPG,/Users/horganm0/.copilot/repos/copilot-worktrees/age-estimator/horganm0-risk-cautious-journey/data/fgnet_raw/FGNET/images/045A12.JPG,45,12,25.0,2.0,True,0.7381675243377686,True
045A17.JPG,/Users/horganm0/.copilot/repos/copilot-worktrees/age-estimator/horganm0-risk-cautious-journey/data/fgnet_raw/FGNET/images/045A17.JPG,45,17,21.0,8.0,True,0.7310559153556824,True
045A18.JPG,/Users/horganm0/.copilot/repos/copilot-worktrees/age-estimator/horganm0-risk-cautious-journey/data/fgnet_raw/FGNET/images/045A18.JPG,45,18,25.0,7.0,True,0.6696851849555969,False
045A19.JPG,/Users/horganm0/.copilot/repos/copilot-worktrees/age-estimator/horganm0-risk-cautious-journey/data/fgnet_raw/FGNET/images/045A19.JPG,45,19,28.0,6.0,True,0.7614728212356567,False
045A25.JPG,/Users/horganm0/.copilot/repos/copilot-worktrees/age-estimator/horganm0-risk-cautious-journey/data/fgnet_raw/FGNET/images/045A25.JPG,45,25,28.0,13.0,True,0.7815259099006653,True
045A28.JPG,/Users/horganm0/.copilot/repos/copilot-worktrees/age-estimator/horganm0-risk-cautious-journey/data/fgnet_raw/FGNET/images/045A28.JPG,45,28,48.0,28.0,True,0.8464897871017456,True
045A32.JPG,/Users/horganm0/.copilot/repos/copilot-worktrees/age-estimator/horganm0-risk-cautious-journey/data/fgnet_raw/FGNET/images/045A32.JPG,45,32,26.0,9.0,True,0.838289737701416,True
045A40.JPG,/Users/horganm0/.copilot/repos/copilot-worktrees/age-estimator/horganm0-risk-cautious-journey/data/fgnet_raw/FGNET/images/045A40.JPG,45,40,41.0,12.0,True,0.774534285068512,True
045A43.JPG,/Users/horganm0/.copilot/repos/copilot-worktrees/age-estimator/horganm0-risk-cautious-journey/data/fgnet_raw/FGNET/images/045A43.JPG,45,43,58.0,6.0,True,0.8171348571777344,True
045A48.JPG,/Users/horganm0/.copilot/repos/copilot-worktrees/age-estimator/horganm0-risk-cautious-journey/data/fgnet_raw/FGNET/images/045A48.JPG,45,48,68.0,11.0,True,0.8273213505744934,True
046A00.JPG,/Users/horganm0/.copilot/repos/copilot-worktrees/age-estimator/horganm0-risk-cautious-journey/data/fgnet_raw/FGNET/images/046A00.JPG,46,0,1.0,0.0,True,0.7761757969856262,True
046A01.JPG,/Users/horganm0/.copilot/repos/copilot-worktrees/age-estimator/horganm0-risk-cautious-journey/data/fgnet_raw/FGNET/images/046A01.JPG,46,1,3.0,2.0,True,0.739988386631012,True
046A02.JPG,/Users/horganm0/.copilot/repos/copilot-worktrees/age-estimator/horganm0-risk-cautious-journey/data/fgnet_raw/FGNET/images/046A02.JPG,46,2,3.0,1.0,True,0.725792646408081,False
046A04.JPG,/Users/horganm0/.copilot/repos/copilot-worktrees/age-estimator/horganm0-risk-cautious-journey/data/fgnet_raw/FGNET/images/046A04.JPG,46,4,3.0,2.0,True,0.7007453441619873,False
046A06.JPG,/Users/horganm0/.copilot/repos/copilot-worktrees/age-estimator/horganm0-risk-cautious-journey/data/fgnet_raw/FGNET/images/046A06.JPG,46,6,9.0,3.0,True,0.7550560235977173,False
046A08.JPG,/Users/horganm0/.copilot/repos/copilot-worktrees/age-estimator/horganm0-risk-cautious-journey/data/fgnet_raw/FGNET/images/046A08.JPG,46,8,4.0,2.0,True,0.6648546457290649,False
046A10.JPG,/Users/horganm0/.copilot/repos/copilot-worktrees/age-estimator/horganm0-risk-cautious-journey/data/fgnet_raw/FGNET/images/046A10.JPG,46,10,6.0,4.0,True,0.7256852388381958,False
046A12.JPG,/Users/horganm0/.copilot/repos/copilot-worktrees/age-estimator/horganm0-risk-cautious-journey/data/fgnet_raw/FGNET/images/046A12.JPG,46,12,12.0,8.0,True,0.6853598356246948,True
046A14.JPG,/Users/horganm0/.copilot/repos/copilot-worktrees/age-estimator/horganm0-risk-cautious-journey/data/fgnet_raw/FGNET/images/046A14.JPG,46,14,16.0,2.0,True,0.6471453905105591,False
046A16.JPG,/Users/horganm0/.copilot/repos/copilot-worktrees/age-estimator/horganm0-risk-cautious-journey/data/fgnet_raw/FGNET/images/046A16.JPG,46,16,30.0,14.0,True,0.6643306612968445,False
046A17.JPG,/Users/horganm0/.copilot/repos/copilot-worktrees/age-estimator/horganm0-risk-cautious-journey/data/fgnet_raw/FGNET/images/046A17.JPG,46,17,37.0,11.0,True,0.7455909252166748,True
046A18.JPG,/Users/horganm0/.copilot/repos/copilot-worktrees/age-estimator/horganm0-risk-cautious-journey/data/fgnet_raw/FGNET/images/046A18.JPG,46,18,26.0,12.0,True,0.7444384694099426,False
046A20.JPG,/Users/horganm0/.copilot/repos/copilot-worktrees/age-estimator/horganm0-risk-cautious-journey/data/fgnet_raw/FGNET/images/046A20.JPG,46,20,25.0,15.0,True,0.737936794757843,True
047A05.JPG,/Users/horganm0/.copilot/repos/copilot-worktrees/age-estimator/horganm0-risk-cautious-journey/data/fgnet_raw/FGNET/images/047A05.JPG,47,5,47.0,28.0,True,0.7500474452972412,True
047A06.JPG,/Users/horganm0/.copilot/repos/copilot-worktrees/age-estimator/horganm0-risk-cautious-journey/data/fgnet_raw/FGNET/images/047A06.JPG,47,6,25.0,5.0,True,0.7498306632041931,True
047A09.JPG,/Users/horganm0/.copilot/repos/copilot-worktrees/age-estimator/horganm0-risk-cautious-journey/data/fgnet_raw/FGNET/images/047A09.JPG,47,9,24.0,5.0,True,0.7251401543617249,True
047A11.JPG,/Users/horganm0/.copilot/repos/copilot-worktrees/age-estimator/horganm0-risk-cautious-journey/data/fgnet_raw/FGNET/images/047A11.JPG,47,11,26.0,7.0,True,0.7251431345939636,False
047A12.JPG,/Users/horganm0/.copilot/repos/copilot-worktrees/age-estimator/horganm0-risk-cautious-journey/data/fgnet_raw/FGNET/images/047A12.JPG,47,12,20.0,7.0,True,0.6893090009689331,False
047A13.JPG,/Users/horganm0/.copilot/repos/copilot-worktrees/age-estimator/horganm0-risk-cautious-journey/data/fgnet_raw/FGNET/images/047A13.JPG,47,13,25.0,4.0,True,0.7456379532814026,True
047A15.JPG,/Users/horganm0/.copilot/repos/copilot-worktrees/age-estimator/horganm0-risk-cautious-journey/data/fgnet_raw/FGNET/images/047A15.JPG,47,15,24.0,7.0,True,0.6607300639152527,True
047A18.JPG,/Users/horganm0/.copilot/repos/copilot-worktrees/age-estimator/horganm0-risk-cautious-journey/data/fgnet_raw/FGNET/images/047A18.JPG,47,18,18.0,7.0,True,0.6917850375175476,False
047A20.JPG,/Users/horganm0/.copilot/repos/copilot-worktrees/age-estimator/horganm0-risk-cautious-journey/data/fgnet_raw/FGNET/images/047A20.JPG,47,20,25.0,5.0,True,0.7767624258995056,False
047A23.JPG,/Users/horganm0/.copilot/repos/copilot-worktrees/age-estimator/horganm0-risk-cautious-journey/data/fgnet_raw/FGNET/images/047A23.JPG,47,23,24.0,5.0,True,0.7402677536010742,True
047A27.JPG,/Users/horganm0/.copilot/repos/copilot-worktrees/age-estimator/horganm0-risk-cautious-journey/data/fgnet_raw/FGNET/images/047A27.JPG,47,27,28.0,11.0,True,0.6826939582824707,False
047A33.JPG,/Users/horganm0/.copilot/repos/copilot-worktrees/age-estimator/horganm0-risk-cautious-journey/data/fgnet_raw/FGNET/images/047A33.JPG,47,33,50.0,17.0,True,0.8126747608184814,True
047A45.JPG,/Users/horganm0/.copilot/repos/copilot-worktrees/age-estimator/horganm0-risk-cautious-journey/data/fgnet_raw/FGNET/images/047A45.JPG,47,45,56.0,7.0,True,0.8010103702545166,True
047A55.JPG,/Users/horganm0/.copilot/repos/copilot-worktrees/age-estimator/horganm0-risk-cautious-journey/data/fgnet_raw/FGNET/images/047A55.JPG,47,55,61.0,15.0,True,0.6591254472732544,False
048A00.JPG,/Users/horganm0/.copilot/repos/copilot-worktrees/age-estimator/horganm0-risk-cautious-journey/data/fgnet_raw/FGNET/images/048A00.JPG,48,0,26.0,17.0,True,0.756855309009552,True
048A09.JPG,/Users/horganm0/.copilot/repos/copilot-worktrees/age-estimator/horganm0-risk-cautious-journey/data/fgnet_raw/FGNET/images/048A09.JPG,48,9,28.0,9.0,True,0.6704360842704773,False
048A10.JPG,/Users/horganm0/.copilot/repos/copilot-worktrees/age-estimator/horganm0-risk-cautious-journey/data/fgnet_raw/FGNET/images/048A10.JPG,48,10,18.0,4.0,True,0.6430230736732483,False
048A11.JPG,/Users/horganm0/.copilot/repos/copilot-worktrees/age-estimator/horganm0-risk-cautious-journey/data/fgnet_raw/FGNET/images/048A11.JPG,48,11,90.0,0.0,False,0.0,False
048A15.JPG,/Users/horganm0/.copilot/repos/copilot-worktrees/age-estimator/horganm0-risk-cautious-journey/data/fgnet_raw/FGNET/images/048A15.JPG,48,15,26.0,5.0,True,0.6087207198143005,False
048A16.JPG,/Users/horganm0/.copilot/repos/copilot-worktrees/age-estimator/horganm0-risk-cautious-journey/data/fgnet_raw/FGNET/images/048A16.JPG,48,16,25.0,10.0,True,0.6362205743789673,False
048A17.JPG,/Users/horganm0/.copilot/repos/copilot-worktrees/age-estimator/horganm0-risk-cautious-journey/data/fgnet_raw/FGNET/images/048A17.JPG,48,17,30.0,10.0,True,0.6828932166099548,False
048A18.JPG,/Users/horganm0/.copilot/repos/copilot-worktrees/age-estimator/horganm0-risk-cautious-journey/data/fgnet_raw/FGNET/images/048A18.JPG,48,18,27.0,5.0,True,0.8167051076889038,True
048A27.JPG,/Users/horganm0/.copilot/repos/copilot-worktrees/age-estimator/horganm0-risk-cautious-journey/data/fgnet_raw/FGNET/images/048A27.JPG,48,27,22.0,9.0,True,0.7657425403594971,False
048A30.JPG,/Users/horganm0/.copilot/repos/copilot-worktrees/age-estimator/horganm0-risk-cautious-journey/data/fgnet_raw/FGNET/images/048A30.JPG,48,30,36.0,6.0,True,0.7296232581138611,False
048A33.JPG,/Users/horganm0/.copilot/repos/copilot-worktrees/age-estimator/horganm0-risk-cautious-journey/data/fgnet_raw/FGNET/images/048A33.JPG,48,33,34.0,11.0,True,0.7487217783927917,False
048A46.JPG,/Users/horganm0/.copilot/repos/copilot-worktrees/age-estimator/horganm0-risk-cautious-journey/data/fgnet_raw/FGNET/images/048A46.JPG,48,46,36.0,41.0,True,0.8279917240142822,True
048A49.JPG,/Users/horganm0/.copilot/repos/copilot-worktrees/age-estimator/horganm0-risk-cautious-journey/data/fgnet_raw/FGNET/images/048A49.JPG,48,49,46.0,20.0,True,0.7110528349876404,False
048A50.JPG,/Users/horganm0/.copilot/repos/copilot-worktrees/age-estimator/horganm0-risk-cautious-journey/data/fgnet_raw/FGNET/images/048A50.JPG,48,50,50.0,11.0,True,0.7706412672996521,False
048A52.JPG,/Users/horganm0/.copilot/repos/copilot-worktrees/age-estimator/horganm0-risk-cautious-journey/data/fgnet_raw/FGNET/images/048A52.JPG,48,52,58.0,39.0,True,0.724176824092865,False
048A54.JPG,/Users/horganm0/.copilot/repos/copilot-worktrees/age-estimator/horganm0-risk-cautious-journey/data/fgnet_raw/FGNET/images/048A54.JPG,48,54,64.0,16.0,True,0.8032427430152893,False
049A04.JPG,/Users/horganm0/.copilot/repos/copilot-worktrees/age-estimator/horganm0-risk-cautious-journey/data/fgnet_raw/FGNET/images/049A04.JPG,49,4,8.0,2.0,True,0.698640763759613,False
049A05.JPG,/Users/horganm0/.copilot/repos/copilot-worktrees/age-estimator/horganm0-risk-cautious-journey/data/fgnet_raw/FGNET/images/049A05.JPG,49,5,5.0,3.0,True,0.6963121891021729,False
049A06.JPG,/Users/horganm0/.copilot/repos/copilot-worktrees/age-estimator/horganm0-risk-cautious-journey/data/fgnet_raw/FGNET/images/049A06.JPG,49,6,6.0,3.0,True,0.5892358422279358,False
049A07.JPG,/Users/horganm0/.copilot/repos/copilot-worktrees/age-estimator/horganm0-risk-cautious-journey/data/fgnet_raw/FGNET/images/049A07.JPG,49,7,14.0,4.0,True,0.6049953103065491,False
049A08.JPG,/Users/horganm0/.copilot/repos/copilot-worktrees/age-estimator/horganm0-risk-cautious-journey/data/fgnet_raw/FGNET/images/049A08.JPG,49,8,17.0,7.0,True,0.6966070532798767,False
049A10.JPG,/Users/horganm0/.copilot/repos/copilot-worktrees/age-estimator/horganm0-risk-cautious-journey/data/fgnet_raw/FGNET/images/049A10.JPG,49,10,18.0,10.0,True,0.7414969205856323,True
049A12.JPG,/Users/horganm0/.copilot/repos/copilot-worktrees/age-estimator/horganm0-risk-cautious-journey/data/fgnet_raw/FGNET/images/049A12.JPG,49,12,20.0,9.0,True,0.7498817443847656,True
049A15.JPG,/Users/horganm0/.copilot/repos/copilot-worktrees/age-estimator/horganm0-risk-cautious-journey/data/fgnet_raw/FGNET/images/049A15.JPG,49,15,21.0,7.0,True,0.7249546051025391,False
049A16.JPG,/Users/horganm0/.copilot/repos/copilot-worktrees/age-estimator/horganm0-risk-cautious-journey/data/fgnet_raw/FGNET/images/049A16.JPG,49,16,18.0,3.0,True,0.7207343578338623,False
049A17.JPG,/Users/horganm0/.copilot/repos/copilot-worktrees/age-estimator/horganm0-risk-cautious-journey/data/fgnet_raw/FGNET/images/049A17.JPG,49,17,24.0,8.0,True,0.6733042597770691,True
050A00.JPG,/Users/horganm0/.copilot/repos/copilot-worktrees/age-estimator/horganm0-risk-cautious-journey/data/fgnet_raw/FGNET/images/050A00.JPG,50,0,3.0,6.0,True,0.6886048316955566,False
050A03.JPG,/Users/horganm0/.copilot/repos/copilot-worktrees/age-estimator/horganm0-risk-cautious-journey/data/fgnet_raw/FGNET/images/050A03.JPG,50,3,4.0,2.0,True,0.6255311965942383,False
050A06.JPG,/Users/horganm0/.copilot/repos/copilot-worktrees/age-estimator/horganm0-risk-cautious-journey/data/fgnet_raw/FGNET/images/050A06.JPG,50,6,9.0,4.0,True,0.6211186051368713,False
050A10.JPG,/Users/horganm0/.copilot/repos/copilot-worktrees/age-estimator/horganm0-risk-cautious-journey/data/fgnet_raw/FGNET/images/050A10.JPG,50,10,27.0,9.0,True,0.7671796083450317,True
050A14.JPG,/Users/horganm0/.copilot/repos/copilot-worktrees/age-estimator/horganm0-risk-cautious-journey/data/fgnet_raw/FGNET/images/050A14.JPG,50,14,25.0,7.0,True,0.7678647041320801,False
050A16.JPG,/Users/horganm0/.copilot/repos/copilot-worktrees/age-estimator/horganm0-risk-cautious-journey/data/fgnet_raw/FGNET/images/050A16.JPG,50,16,26.0,5.0,True,0.7507212162017822,False
050A18.JPG,/Users/horganm0/.copilot/repos/copilot-worktrees/age-estimator/horganm0-risk-cautious-journey/data/fgnet_raw/FGNET/images/050A18.JPG,50,18,34.0,11.0,True,0.751412570476532,True
050A22.JPG,/Users/horganm0/.copilot/repos/copilot-worktrees/age-estimator/horganm0-risk-cautious-journey/data/fgnet_raw/FGNET/images/050A22.JPG,50,22,35.0,10.0,True,0.7853373289108276,True
051A00.JPG,/Users/horganm0/.copilot/repos/copilot-worktrees/age-estimator/horganm0-risk-cautious-journey/data/fgnet_raw/FGNET/images/051A00.JPG,51,0,1.0,1.0,True,0.7548462748527527,True
051A02.JPG,/Users/horganm0/.copilot/repos/copilot-worktrees/age-estimator/horganm0-risk-cautious-journey/data/fgnet_raw/FGNET/images/051A02.JPG,51,2,5.0,4.0,True,0.7575966715812683,False
051A05.JPG,/Users/horganm0/.copilot/repos/copilot-worktrees/age-estimator/horganm0-risk-cautious-journey/data/fgnet_raw/FGNET/images/051A05.JPG,51,5,7.0,3.0,True,0.6730360984802246,False
051A08.JPG,/Users/horganm0/.copilot/repos/copilot-worktrees/age-estimator/horganm0-risk-cautious-journey/data/fgnet_raw/FGNET/images/051A08.JPG,51,8,15.0,6.0,True,0.7981235384941101,True
051A12.JPG,/Users/horganm0/.copilot/repos/copilot-worktrees/age-estimator/horganm0-risk-cautious-journey/data/fgnet_raw/FGNET/images/051A12.JPG,51,12,26.0,6.0,True,0.7305586934089661,False
051A14.JPG,/Users/horganm0/.copilot/repos/copilot-worktrees/age-estimator/horganm0-risk-cautious-journey/data/fgnet_raw/FGNET/images/051A14.JPG,51,14,26.0,4.0,True,0.6923252940177917,False
051A15.JPG,/Users/horganm0/.copilot/repos/copilot-worktrees/age-estimator/horganm0-risk-cautious-journey/data/fgnet_raw/FGNET/images/051A15.JPG,51,15,25.0,7.0,True,0.7184956073760986,False
051A16.JPG,/Users/horganm0/.copilot/repos/copilot-worktrees/age-estimator/horganm0-risk-cautious-journey/data/fgnet_raw/FGNET/images/051A16.JPG,51,16,23.0,5.0,True,0.7510644793510437,True
051A17.JPG,/Users/horganm0/.copilot/repos/copilot-worktrees/age-estimator/horganm0-risk-cautious-journey/data/fgnet_raw/FGNET/images/051A17.JPG,51,17,28.0,3.0,True,0.7071929574012756,True
051A18.JPG,/Users/horganm0/.copilot/repos/copilot-worktrees/age-estimator/horganm0-risk-cautious-journey/data/fgnet_raw/FGNET/images/051A18.JPG,51,18,24.0,10.0,True,0.8213407397270203,True
051A24.JPG,/Users/horganm0/.copilot/repos/copilot-worktrees/age-estimator/horganm0-risk-cautious-journey/data/fgnet_raw/FGNET/images/051A24.JPG,51,24,28.0,9.0,True,0.7722390294075012,False
052A02.JPG,/Users/horganm0/.copilot/repos/copilot-worktrees/age-estimator/horganm0-risk-cautious-journey/data/fgnet_raw/FGNET/images/052A02.JPG,52,2,3.0,2.0,True,0.6506739854812622,False
052A04.JPG,/Users/horganm0/.copilot/repos/copilot-worktrees/age-estimator/horganm0-risk-cautious-journey/data/fgnet_raw/FGNET/images/052A04.JPG,52,4,8.0,4.0,True,0.6420234441757202,False
052A07.JPG,/Users/horganm0/.copilot/repos/copilot-worktrees/age-estimator/horganm0-risk-cautious-journey/data/fgnet_raw/FGNET/images/052A07.JPG,52,7,10.0,4.0,True,0.6835677623748779,False
052A10.JPG,/Users/horganm0/.copilot/repos/copilot-worktrees/age-estimator/horganm0-risk-cautious-journey/data/fgnet_raw/FGNET/images/052A10.JPG,52,10,16.0,1.0,True,0.7620577812194824,False
052A13.JPG,/Users/horganm0/.copilot/repos/copilot-worktrees/age-estimator/horganm0-risk-cautious-journey/data/fgnet_raw/FGNET/images/052A13.JPG,52,13,19.0,8.0,True,0.7532203793525696,True
052A14.JPG,/Users/horganm0/.copilot/repos/copilot-worktrees/age-estimator/horganm0-risk-cautious-journey/data/fgnet_raw/FGNET/images/052A14.JPG,52,14,19.0,18.0,True,0.7863667607307434,True
052A16.JPG,/Users/horganm0/.copilot/repos/copilot-worktrees/age-estimator/horganm0-risk-cautious-journey/data/fgnet_raw/FGNET/images/052A16.JPG,52,16,19.0,19.0,True,0.7576426863670349,False
052A17.JPG,/Users/horganm0/.copilot/repos/copilot-worktrees/age-estimator/horganm0-risk-cautious-journey/data/fgnet_raw/FGNET/images/052A17.JPG,52,17,25.0,20.0,True,0.7430883049964905,False
052A18.JPG,/Users/horganm0/.copilot/repos/copilot-worktrees/age-estimator/horganm0-risk-cautious-journey/data/fgnet_raw/FGNET/images/052A18.JPG,52,18,27.0,6.0,True,0.6426751017570496,False
052A19.JPG,/Users/horganm0/.copilot/repos/copilot-worktrees/age-estimator/horganm0-risk-cautious-journey/data/fgnet_raw/FGNET/images/052A19.JPG,52,19,34.0,23.0,True,0.7132773995399475,False
052A20.JPG,/Users/horganm0/.copilot/repos/copilot-worktrees/age-estimator/horganm0-risk-cautious-journey/data/fgnet_raw/FGNET/images/052A20.JPG,52,20,18.0,7.0,True,0.6965153813362122,True
053A00.JPG,/Users/horganm0/.copilot/repos/copilot-worktrees/age-estimator/horganm0-risk-cautious-journey/data/fgnet_raw/FGNET/images/053A00.JPG,53,0,8.0,8.0,True,0.651707649230957,False
053A01.JPG,/Users/horganm0/.copilot/repos/copilot-worktrees/age-estimator/horganm0-risk-cautious-journey/data/fgnet_raw/FGNET/images/053A01.JPG,53,1,4.0,4.0,True,0.7031648755073547,True
053A02.JPG,/Users/horganm0/.copilot/repos/copilot-worktrees/age-estimator/horganm0-risk-cautious-journey/data/fgnet_raw/FGNET/images/053A02.JPG,53,2,8.0,4.0,True,0.6534029841423035,False
053A03.JPG,/Users/horganm0/.copilot/repos/copilot-worktrees/age-estimator/horganm0-risk-cautious-journey/data/fgnet_raw/FGNET/images/053A03.JPG,53,3,8.0,2.0,True,0.6407639384269714,False
053A04.JPG,/Users/horganm0/.copilot/repos/copilot-worktrees/age-estimator/horganm0-risk-cautious-journey/data/fgnet_raw/FGNET/images/053A04.JPG,53,4,8.0,0.0,True,0.6411888003349304,False
053A06.JPG,/Users/horganm0/.copilot/repos/copilot-worktrees/age-estimator/horganm0-risk-cautious-journey/data/fgnet_raw/FGNET/images/053A06.JPG,53,6,9.0,5.0,True,0.6801676750183105,False
053A08.JPG,/Users/horganm0/.copilot/repos/copilot-worktrees/age-estimator/horganm0-risk-cautious-journey/data/fgnet_raw/FGNET/images/053A08.JPG,53,8,13.0,6.0,True,0.7206392288208008,False
053A10.JPG,/Users/horganm0/.copilot/repos/copilot-worktrees/age-estimator/horganm0-risk-cautious-journey/data/fgnet_raw/FGNET/images/053A10.JPG,53,10,11.0,5.0,True,0.6500836610794067,False
053A11.JPG,/Users/horganm0/.copilot/repos/copilot-worktrees/age-estimator/horganm0-risk-cautious-journey/data/fgnet_raw/FGNET/images/053A11.JPG,53,11,11.0,3.0,True,0.5994412899017334,False
053A12.JPG,/Users/horganm0/.copilot/repos/copilot-worktrees/age-estimator/horganm0-risk-cautious-journey/data/fgnet_raw/FGNET/images/053A12.JPG,53,12,9.0,3.0,True,0.6675289273262024,False
053A13.JPG,/Users/horganm0/.copilot/repos/copilot-worktrees/age-estimator/horganm0-risk-cautious-journey/data/fgnet_raw/FGNET/images/053A13.JPG,53,13,12.0,8.0,True,0.6763790845870972,False
053A15.JPG,/Users/horganm0/.copilot/repos/copilot-worktrees/age-estimator/horganm0-risk-cautious-journey/data/fgnet_raw/FGNET/images/053A15.JPG,53,15,26.0,8.0,True,0.7183747291564941,False
053A18.JPG,/Users/horganm0/.copilot/repos/copilot-worktrees/age-estimator/horganm0-risk-cautious-journey/data/fgnet_raw/FGNET/images/053A18.JPG,53,18,40.0,17.0,True,0.6827646493911743,False
054A00.JPG,/Users/horganm0/.copilot/repos/copilot-worktrees/age-estimator/horganm0-risk-cautious-journey/data/fgnet_raw/FGNET/images/054A00.JPG,54,0,2.0,1.0,True,0.6870827078819275,False
054A02.JPG,/Users/horganm0/.copilot/repos/copilot-worktrees/age-estimator/horganm0-risk-cautious-journey/data/fgnet_raw/FGNET/images/054A02.JPG,54,2,8.0,3.0,True,0.6824692487716675,False
054A04.JPG,/Users/horganm0/.copilot/repos/copilot-worktrees/age-estimator/horganm0-risk-cautious-journey/data/fgnet_raw/FGNET/images/054A04.JPG,54,4,6.0,3.0,True,0.7022366523742676,False
054A06.JPG,/Users/horganm0/.copilot/repos/copilot-worktrees/age-estimator/horganm0-risk-cautious-journey/data/fgnet_raw/FGNET/images/054A06.JPG,54,6,8.0,1.0,True,0.7202629446983337,False
054A09.JPG,/Users/horganm0/.copilot/repos/copilot-worktrees/age-estimator/horganm0-risk-cautious-journey/data/fgnet_raw/FGNET/images/054A09.JPG,54,9,15.0,21.0,True,0.6976728439331055,True
054A10.JPG,/Users/horganm0/.copilot/repos/copilot-worktrees/age-estimator/horganm0-risk-cautious-journey/data/fgnet_raw/FGNET/images/054A10.JPG,54,10,4.0,3.0,True,0.6994310617446899,False
054A11.JPG,/Users/horganm0/.copilot/repos/copilot-worktrees/age-estimator/horganm0-risk-cautious-journey/data/fgnet_raw/FGNET/images/054A11.JPG,54,11,11.0,7.0,True,0.7246138453483582,True
054A12.JPG,/Users/horganm0/.copilot/repos/copilot-worktrees/age-estimator/horganm0-risk-cautious-journey/data/fgnet_raw/FGNET/images/054A12.JPG,54,12,11.0,7.0,True,0.7819740772247314,True
054A13.JPG,/Users/horganm0/.copilot/repos/copilot-worktrees/age-estimator/horganm0-risk-cautious-journey/data/fgnet_raw/FGNET/images/054A13.JPG,54,13,22.0,19.0,True,0.6796318292617798,False
054A16.JPG,/Users/horganm0/.copilot/repos/copilot-worktrees/age-estimator/horganm0-risk-cautious-journey/data/fgnet_raw/FGNET/images/054A16.JPG,54,16,15.0,2.0,True,0.759286642074585,False
054A17.JPG,/Users/horganm0/.copilot/repos/copilot-worktrees/age-estimator/horganm0-risk-cautious-journey/data/fgnet_raw/FGNET/images/054A17.JPG,54,17,34.0,18.0,True,0.6977002024650574,False
054A18.JPG,/Users/horganm0/.copilot/repos/copilot-worktrees/age-estimator/horganm0-risk-cautious-journey/data/fgnet_raw/FGNET/images/054A18.JPG,54,18,31.0,19.0,True,0.7254632115364075,False
054A19.JPG,/Users/horganm0/.copilot/repos/copilot-worktrees/age-estimator/horganm0-risk-cautious-journey/data/fgnet_raw/FGNET/images/054A19.JPG,54,19,39.0,28.0,True,0.7770048379898071,True
055A04.JPG,/Users/horganm0/.copilot/repos/copilot-worktrees/age-estimator/horganm0-risk-cautious-journey/data/fgnet_raw/FGNET/images/055A04.JPG,55,4,8.0,4.0,True,0.6170660853385925,False
055A05.JPG,/Users/horganm0/.copilot/repos/copilot-worktrees/age-estimator/horganm0-risk-cautious-journey/data/fgnet_raw/FGNET/images/055A05.JPG,55,5,4.0,4.0,True,0.6455506086349487,False
055A06.JPG,/Users/horganm0/.copilot/repos/copilot-worktrees/age-estimator/horganm0-risk-cautious-journey/data/fgnet_raw/FGNET/images/055A06.JPG,55,6,6.0,4.0,True,0.5812264084815979,False
055A08.JPG,/Users/horganm0/.copilot/repos/copilot-worktrees/age-estimator/horganm0-risk-cautious-journey/data/fgnet_raw/FGNET/images/055A08.JPG,55,8,5.0,4.0,True,0.6068259477615356,False
055A12.JPG,/Users/horganm0/.copilot/repos/copilot-worktrees/age-estimator/horganm0-risk-cautious-journey/data/fgnet_raw/FGNET/images/055A12.JPG,55,12,17.0,11.0,True,0.7434612512588501,True
055A14.JPG,/Users/horganm0/.copilot/repos/copilot-worktrees/age-estimator/horganm0-risk-cautious-journey/data/fgnet_raw/FGNET/images/055A14.JPG,55,14,28.0,10.0,True,0.5925261974334717,False
055A22.JPG,/Users/horganm0/.copilot/repos/copilot-worktrees/age-estimator/horganm0-risk-cautious-journey/data/fgnet_raw/FGNET/images/055A22.JPG,55,22,28.0,10.0,True,0.6663389205932617,False
055A23.JPG,/Users/horganm0/.copilot/repos/copilot-worktrees/age-estimator/horganm0-risk-cautious-journey/data/fgnet_raw/FGNET/images/055A23.JPG,55,23,26.0,7.0,True,0.6736575365066528,False
056A01.JPG,/Users/horganm0/.copilot/repos/copilot-worktrees/age-estimator/horganm0-risk-cautious-journey/data/fgnet_raw/FGNET/images/056A01.JPG,56,1,2.0,1.0,True,0.679672360420227,False
056A02.JPG,/Users/horganm0/.copilot/repos/copilot-worktrees/age-estimator/horganm0-risk-cautious-journey/data/fgnet_raw/FGNET/images/056A02.JPG,56,2,44.0,79.0,True,0.7034841179847717,False
056A03.JPG,/Users/horganm0/.copilot/repos/copilot-worktrees/age-estimator/horganm0-risk-cautious-journey/data/fgnet_raw/FGNET/images/056A03.JPG,56,3,3.0,2.0,True,0.647737443447113,False
056A04.JPG,/Users/horganm0/.copilot/repos/copilot-worktrees/age-estimator/horganm0-risk-cautious-journey/data/fgnet_raw/FGNET/images/056A04.JPG,56,4,4.0,3.0,True,0.5679153203964233,False
056A06.JPG,/Users/horganm0/.copilot/repos/copilot-worktrees/age-estimator/horganm0-risk-cautious-journey/data/fgnet_raw/FGNET/images/056A06.JPG,56,6,7.0,2.0,True,0.6904049515724182,False
056A10.JPG,/Users/horganm0/.copilot/repos/copilot-worktrees/age-estimator/horganm0-risk-cautious-journey/data/fgnet_raw/FGNET/images/056A10.JPG,56,10,62.0,50.0,True,0.7666224837303162,True
056A12.JPG,/Users/horganm0/.copilot/repos/copilot-worktrees/age-estimator/horganm0-risk-cautious-journey/data/fgnet_raw/FGNET/images/056A12.JPG,56,12,72.0,32.0,True,0.7860408425331116,True
056A15.JPG,/Users/horganm0/.copilot/repos/copilot-worktrees/age-estimator/horganm0-risk-cautious-journey/data/fgnet_raw/FGNET/images/056A15.JPG,56,15,26.0,1.0,True,0.6710168719291687,False
057A00.JPG,/Users/horganm0/.copilot/repos/copilot-worktrees/age-estimator/horganm0-risk-cautious-journey/data/fgnet_raw/FGNET/images/057A00.JPG,57,0,62.0,26.0,True,0.7574038505554199,False
057A05.JPG,/Users/horganm0/.copilot/repos/copilot-worktrees/age-estimator/horganm0-risk-cautious-journey/data/fgnet_raw/FGNET/images/057A05.JPG,57,5,12.0,4.0,True,0.6066036224365234,False
057A06.JPG,/Users/horganm0/.copilot/repos/copilot-worktrees/age-estimator/horganm0-risk-cautious-journey/data/fgnet_raw/FGNET/images/057A06.JPG,57,6,8.0,19.0,True,0.5494122505187988,False
057A07.JPG,/Users/horganm0/.copilot/repos/copilot-worktrees/age-estimator/horganm0-risk-cautious-journey/data/fgnet_raw/FGNET/images/057A07.JPG,57,7,11.0,5.0,True,0.5637705326080322,False
057A12.JPG,/Users/horganm0/.copilot/repos/copilot-worktrees/age-estimator/horganm0-risk-cautious-journey/data/fgnet_raw/FGNET/images/057A12.JPG,57,12,16.0,2.0,True,0.507086455821991,False
057A16.JPG,/Users/horganm0/.copilot/repos/copilot-worktrees/age-estimator/horganm0-risk-cautious-journey/data/fgnet_raw/FGNET/images/057A16.JPG,57,16,27.0,14.0,True,0.6183122992515564,False
057A17.JPG,/Users/horganm0/.copilot/repos/copilot-worktrees/age-estimator/horganm0-risk-cautious-journey/data/fgnet_raw/FGNET/images/057A17.JPG,57,17,26.0,5.0,True,0.6274024248123169,False
057A18.JPG,/Users/horganm0/.copilot/repos/copilot-worktrees/age-estimator/horganm0-risk-cautious-journey/data/fgnet_raw/FGNET/images/057A18.JPG,57,18,26.0,4.0,True,0.6741127967834473,False
057A23.JPG,/Users/horganm0/.copilot/repos/copilot-worktrees/age-estimator/horganm0-risk-cautious-journey/data/fgnet_raw/FGNET/images/057A23.JPG,57,23,25.0,7.0,True,0.6038109660148621,False
057A25.JPG,/Users/horganm0/.copilot/repos/copilot-worktrees/age-estimator/horganm0-risk-cautious-journey/data/fgnet_raw/FGNET/images/057A25.JPG,57,25,29.0,17.0,True,0.6611132025718689,False
058A00.JPG,/Users/horganm0/.copilot/repos/copilot-worktrees/age-estimator/horganm0-risk-cautious-journey/data/fgnet_raw/FGNET/images/058A00.JPG,58,0,2.0,2.0,True,0.6852979063987732,False
058A01.JPG,/Users/horganm0/.copilot/repos/copilot-worktrees/age-estimator/horganm0-risk-cautious-journey/data/fgnet_raw/FGNET/images/058A01.JPG,58,1,2.0,1.0,True,0.6404497027397156,False
058A02.JPG,/Users/horganm0/.copilot/repos/copilot-worktrees/age-estimator/horganm0-risk-cautious-journey/data/fgnet_raw/FGNET/images/058A02.JPG,58,2,4.0,0.0,True,0.6099807620048523,False
058A03.JPG,/Users/horganm0/.copilot/repos/copilot-worktrees/age-estimator/horganm0-risk-cautious-journey/data/fgnet_raw/FGNET/images/058A03.JPG,58,3,4.0,1.0,True,0.5806992650032043,False
058A04.JPG,/Users/horganm0/.copilot/repos/copilot-worktrees/age-estimator/horganm0-risk-cautious-journey/data/fgnet_raw/FGNET/images/058A04.JPG,58,4,5.0,9.0,True,0.641060471534729,False
058A05.JPG,/Users/horganm0/.copilot/repos/copilot-worktrees/age-estimator/horganm0-risk-cautious-journey/data/fgnet_raw/FGNET/images/058A05.JPG,58,5,8.0,2.0,True,0.6327245831489563,False
058A06.JPG,/Users/horganm0/.copilot/repos/copilot-worktrees/age-estimator/horganm0-risk-cautious-journey/data/fgnet_raw/FGNET/images/058A06.JPG,58,6,9.0,6.0,True,0.6948866844177246,False
058A10.JPG,/Users/horganm0/.copilot/repos/copilot-worktrees/age-estimator/horganm0-risk-cautious-journey/data/fgnet_raw/FGNET/images/058A10.JPG,58,10,8.0,0.0,True,0.6163036227226257,False
058A13.JPG,/Users/horganm0/.copilot/repos/copilot-worktrees/age-estimator/horganm0-risk-cautious-journey/data/fgnet_raw/FGNET/images/058A13.JPG,58,13,8.0,5.0,True,0.6422052383422852,False
058A15.JPG,/Users/horganm0/.copilot/repos/copilot-worktrees/age-estimator/horganm0-risk-cautious-journey/data/fgnet_raw/FGNET/images/058A15.JPG,58,15,16.0,10.0,True,0.6816207766532898,False
058A17.JPG,/Users/horganm0/.copilot/repos/copilot-worktrees/age-estimator/horganm0-risk-cautious-journey/data/fgnet_raw/FGNET/images/058A17.JPG,58,17,28.0,21.0,True,0.724178671836853,False
059A02a.JPG,/Users/horganm0/.copilot/repos/copilot-worktrees/age-estimator/horganm0-risk-cautious-journey/data/fgnet_raw/FGNET/images/059A02a.JPG,59,2,4.0,4.0,True,0.8228839635848999,True
059A02b.JPG,/Users/horganm0/.copilot/repos/copilot-worktrees/age-estimator/horganm0-risk-cautious-journey/data/fgnet_raw/FGNET/images/059A02b.JPG,59,2,9.0,4.0,True,0.596197783946991,False
059A03.JPG,/Users/horganm0/.copilot/repos/copilot-worktrees/age-estimator/horganm0-risk-cautious-journey/data/fgnet_raw/FGNET/images/059A03.JPG,59,3,5.0,4.0,True,0.6250439882278442,False
059A04.JPG,/Users/horganm0/.copilot/repos/copilot-worktrees/age-estimator/horganm0-risk-cautious-journey/data/fgnet_raw/FGNET/images/059A04.JPG,59,4,5.0,4.0,True,0.6364521980285645,False
059A06.JPG,/Users/horganm0/.copilot/repos/copilot-worktrees/age-estimator/horganm0-risk-cautious-journey/data/fgnet_raw/FGNET/images/059A06.JPG,59,6,5.0,4.0,True,0.5971323251724243,False
059A07.JPG,/Users/horganm0/.copilot/repos/copilot-worktrees/age-estimator/horganm0-risk-cautious-journey/data/fgnet_raw/FGNET/images/059A07.JPG,59,7,6.0,4.0,True,0.5669947266578674,False
059A12.JPG,/Users/horganm0/.copilot/repos/copilot-worktrees/age-estimator/horganm0-risk-cautious-journey/data/fgnet_raw/FGNET/images/059A12.JPG,59,12,13.0,7.0,True,0.6609786152839661,False
059A14.JPG,/Users/horganm0/.copilot/repos/copilot-worktrees/age-estimator/horganm0-risk-cautious-journey/data/fgnet_raw/FGNET/images/059A14.JPG,59,14,15.0,6.0,True,0.7166733145713806,True
059A16.JPG,/Users/horganm0/.copilot/repos/copilot-worktrees/age-estimator/horganm0-risk-cautious-journey/data/fgnet_raw/FGNET/images/059A16.JPG,59,16,11.0,4.0,True,0.7260348796844482,False
060A02.JPG,/Users/horganm0/.copilot/repos/copilot-worktrees/age-estimator/horganm0-risk-cautious-journey/data/fgnet_raw/FGNET/images/060A02.JPG,60,2,8.0,3.0,True,0.5855737924575806,False
060A04.JPG,/Users/horganm0/.copilot/repos/copilot-worktrees/age-estimator/horganm0-risk-cautious-journey/data/fgnet_raw/FGNET/images/060A04.JPG,60,4,8.0,1.0,True,0.6393131613731384,False
060A05.JPG,/Users/horganm0/.copilot/repos/copilot-worktrees/age-estimator/horganm0-risk-cautious-journey/data/fgnet_raw/FGNET/images/060A05.JPG,60,5,8.0,8.0,True,0.6587133407592773,False
060A06.JPG,/Users/horganm0/.copilot/repos/copilot-worktrees/age-estimator/horganm0-risk-cautious-journey/data/fgnet_raw/FGNET/images/060A06.JPG,60,6,8.0,0.0,True,0.5419154167175293,False
060A07.JPG,/Users/horganm0/.copilot/repos/copilot-worktrees/age-estimator/horganm0-risk-cautious-journey/data/fgnet_raw/FGNET/images/060A07.JPG,60,7,8.0,2.0,True,0.689170777797699,True
060A08.JPG,/Users/horganm0/.copilot/repos/copilot-worktrees/age-estimator/horganm0-risk-cautious-journey/data/fgnet_raw/FGNET/images/060A08.JPG,60,8,56.0,40.0,True,0.6721685528755188,False
060A10.JPG,/Users/horganm0/.copilot/repos/copilot-worktrees/age-estimator/horganm0-risk-cautious-journey/data/fgnet_raw/FGNET/images/060A10.JPG,60,10,16.0,5.0,True,0.7422811985015869,False
060A11.JPG,/Users/horganm0/.copilot/repos/copilot-worktrees/age-estimator/horganm0-risk-cautious-journey/data/fgnet_raw/FGNET/images/060A11.JPG,60,11,8.0,0.0,True,0.7050755620002747,False
060A12.JPG,/Users/horganm0/.copilot/repos/copilot-worktrees/age-estimator/horganm0-risk-cautious-journey/data/fgnet_raw/FGNET/images/060A12.JPG,60,12,12.0,7.0,True,0.6172064542770386,False
060A17.JPG,/Users/horganm0/.copilot/repos/copilot-worktrees/age-estimator/horganm0-risk-cautious-journey/data/fgnet_raw/FGNET/images/060A17.JPG,60,17,16.0,53.0,True,0.7258003950119019,False
060A19.JPG,/Users/horganm0/.copilot/repos/copilot-worktrees/age-estimator/horganm0-risk-cautious-journey/data/fgnet_raw/FGNET/images/060A19.JPG,60,19,34.0,21.0,True,0.6728171706199646,False
060A20.JPG,/Users/horganm0/.copilot/repos/copilot-worktrees/age-estimator/horganm0-risk-cautious-journey/data/fgnet_raw/FGNET/images/060A20.JPG,60,20,15.0,9.0,True,0.7878628969192505,False
061A04.JPG,/Users/horganm0/.copilot/repos/copilot-worktrees/age-estimator/horganm0-risk-cautious-journey/data/fgnet_raw/FGNET/images/061A04.JPG,61,4,4.0,2.0,True,0.695068359375,False
061A06.JPG,/Users/horganm0/.copilot/repos/copilot-worktrees/age-estimator/horganm0-risk-cautious-journey/data/fgnet_raw/FGNET/images/061A06.JPG,61,6,14.0,10.0,True,0.7439313530921936,False
061A07.JPG,/Users/horganm0/.copilot/repos/copilot-worktrees/age-estimator/horganm0-risk-cautious-journey/data/fgnet_raw/FGNET/images/061A07.JPG,61,7,14.0,4.0,True,0.734487771987915,False
061A10.JPG,/Users/horganm0/.copilot/repos/copilot-worktrees/age-estimator/horganm0-risk-cautious-journey/data/fgnet_raw/FGNET/images/061A10.JPG,61,10,26.0,23.0,True,0.6410542130470276,False
061A15.JPG,/Users/horganm0/.copilot/repos/copilot-worktrees/age-estimator/horganm0-risk-cautious-journey/data/fgnet_raw/FGNET/images/061A15.JPG,61,15,18.0,3.0,True,0.8313334584236145,True
061A17.JPG,/Users/horganm0/.copilot/repos/copilot-worktrees/age-estimator/horganm0-risk-cautious-journey/data/fgnet_raw/FGNET/images/061A17.JPG,61,17,24.0,10.0,True,0.6681033968925476,False
061A18.JPG,/Users/horganm0/.copilot/repos/copilot-worktrees/age-estimator/horganm0-risk-cautious-journey/data/fgnet_raw/FGNET/images/061A18.JPG,61,18,32.0,17.0,True,0.7796795964241028,False
061A19.JPG,/Users/horganm0/.copilot/repos/copilot-worktrees/age-estimator/horganm0-risk-cautious-journey/data/fgnet_raw/FGNET/images/061A19.JPG,61,19,12.0,8.0,True,0.7404776811599731,False
061A25.JPG,/Users/horganm0/.copilot/repos/copilot-worktrees/age-estimator/horganm0-risk-cautious-journey/data/fgnet_raw/FGNET/images/061A25.JPG,61,25,24.0,37.0,True,0.7445915937423706,True
061A26.JPG,/Users/horganm0/.copilot/repos/copilot-worktrees/age-estimator/horganm0-risk-cautious-journey/data/fgnet_raw/FGNET/images/061A26.JPG,61,26,8.0,6.0,True,0.7347368597984314,False
061A29.JPG,/Users/horganm0/.copilot/repos/copilot-worktrees/age-estimator/horganm0-risk-cautious-journey/data/fgnet_raw/FGNET/images/061A29.JPG,61,29,25.0,8.0,True,0.7827944755554199,True
061A30.JPG,/Users/horganm0/.copilot/repos/copilot-worktrees/age-estimator/horganm0-risk-cautious-journey/data/fgnet_raw/FGNET/images/061A30.JPG,61,30,55.0,12.0,True,0.7890340685844421,False
061A32.JPG,/Users/horganm0/.copilot/repos/copilot-worktrees/age-estimator/horganm0-risk-cautious-journey/data/fgnet_raw/FGNET/images/061A32.JPG,61,32,25.0,33.0,True,0.7136548757553101,False
062A03.JPG,/Users/horganm0/.copilot/repos/copilot-worktrees/age-estimator/horganm0-risk-cautious-journey/data/fgnet_raw/FGNET/images/062A03.JPG,62,3,6.0,3.0,True,0.5921998620033264,False
062A15.JPG,/Users/horganm0/.copilot/repos/copilot-worktrees/age-estimator/horganm0-risk-cautious-journey/data/fgnet_raw/FGNET/images/062A15.JPG,62,15,20.0,8.0,True,0.7237663269042969,False
062A16.JPG,/Users/horganm0/.copilot/repos/copilot-worktrees/age-estimator/horganm0-risk-cautious-journey/data/fgnet_raw/FGNET/images/062A16.JPG,62,16,27.0,9.0,True,0.6582408547401428,False
062A18.JPG,/Users/horganm0/.copilot/repos/copilot-worktrees/age-estimator/horganm0-risk-cautious-journey/data/fgnet_raw/FGNET/images/062A18.JPG,62,18,21.0,9.0,True,0.7135884761810303,True
062A30.JPG,/Users/horganm0/.copilot/repos/copilot-worktrees/age-estimator/horganm0-risk-cautious-journey/data/fgnet_raw/FGNET/images/062A30.JPG,62,30,56.0,8.0,True,0.7189269661903381,False
062A35.JPG,/Users/horganm0/.copilot/repos/copilot-worktrees/age-estimator/horganm0-risk-cautious-journey/data/fgnet_raw/FGNET/images/062A35.JPG,62,35,50.0,14.0,True,0.7076284289360046,False
062A38.JPG,/Users/horganm0/.copilot/repos/copilot-worktrees/age-estimator/horganm0-risk-cautious-journey/data/fgnet_raw/FGNET/images/062A38.JPG,62,38,59.0,10.0,True,0.6166005730628967,False
062A41.JPG,/Users/horganm0/.copilot/repos/copilot-worktrees/age-estimator/horganm0-risk-cautious-journey/data/fgnet_raw/FGNET/images/062A41.JPG,62,41,55.0,10.0,True,0.7158777713775635,False
062A45.JPG,/Users/horganm0/.copilot/repos/copilot-worktrees/age-estimator/horganm0-risk-cautious-journey/data/fgnet_raw/FGNET/images/062A45.JPG,62,45,56.0,7.0,True,0.7540082931518555,False
062A47.JPG,/Users/horganm0/.copilot/repos/copilot-worktrees/age-estimator/horganm0-risk-cautious-journey/data/fgnet_raw/FGNET/images/062A47.JPG,62,47,54.0,15.0,True,0.7399168610572815,True
062A53.JPG,/Users/horganm0/.copilot/repos/copilot-worktrees/age-estimator/horganm0-risk-cautious-journey/data/fgnet_raw/FGNET/images/062A53.JPG,62,53,60.0,6.0,True,0.7078871726989746,False
062A54.JPG,/Users/horganm0/.copilot/repos/copilot-worktrees/age-estimator/horganm0-risk-cautious-journey/data/fgnet_raw/FGNET/images/062A54.JPG,62,54,62.0,11.0,True,0.775242030620575,False
063A00.JPG,/Users/horganm0/.copilot/repos/copilot-worktrees/age-estimator/horganm0-risk-cautious-journey/data/fgnet_raw/FGNET/images/063A00.JPG,63,0,3.0,1.0,True,0.7041573524475098,False
063A02.JPG,/Users/horganm0/.copilot/repos/copilot-worktrees/age-estimator/horganm0-risk-cautious-journey/data/fgnet_raw/FGNET/images/063A02.JPG,63,2,4.0,2.0,True,0.6354094743728638,False
063A04.JPG,/Users/horganm0/.copilot/repos/copilot-worktrees/age-estimator/horganm0-risk-cautious-journey/data/fgnet_raw/FGNET/images/063A04.JPG,63,4,12.0,26.0,True,0.6458953022956848,False
063A08.JPG,/Users/horganm0/.copilot/repos/copilot-worktrees/age-estimator/horganm0-risk-cautious-journey/data/fgnet_raw/FGNET/images/063A08.JPG,63,8,36.0,38.0,True,0.5670514702796936,False
063A09.JPG,/Users/horganm0/.copilot/repos/copilot-worktrees/age-estimator/horganm0-risk-cautious-journey/data/fgnet_raw/FGNET/images/063A09.JPG,63,9,35.0,42.0,True,0.7254716753959656,True
063A18.JPG,/Users/horganm0/.copilot/repos/copilot-worktrees/age-estimator/horganm0-risk-cautious-journey/data/fgnet_raw/FGNET/images/063A18.JPG,63,18,24.0,8.0,True,0.6571937203407288,False
063A20.JPG,/Users/horganm0/.copilot/repos/copilot-worktrees/age-estimator/horganm0-risk-cautious-journey/data/fgnet_raw/FGNET/images/063A20.JPG,63,20,26.0,5.0,True,0.7741579413414001,True
063A22.JPG,/Users/horganm0/.copilot/repos/copilot-worktrees/age-estimator/horganm0-risk-cautious-journey/data/fgnet_raw/FGNET/images/063A22.JPG,63,22,35.0,19.0,True,0.6452732682228088,False
063A25.JPG,/Users/horganm0/.copilot/repos/copilot-worktrees/age-estimator/horganm0-risk-cautious-journey/data/fgnet_raw/FGNET/images/063A25.JPG,63,25,23.0,10.0,True,0.6483718752861023,False
063A33.JPG,/Users/horganm0/.copilot/repos/copilot-worktrees/age-estimator/horganm0-risk-cautious-journey/data/fgnet_raw/FGNET/images/063A33.JPG,63,33,36.0,10.0,True,0.7829083204269409,True
064A01.JPG,/Users/horganm0/.copilot/repos/copilot-worktrees/age-estimator/horganm0-risk-cautious-journey/data/fgnet_raw/FGNET/images/064A01.JPG,64,1,3.0,2.0,True,0.6670116782188416,False
064A03.JPG,/Users/horganm0/.copilot/repos/copilot-worktrees/age-estimator/horganm0-risk-cautious-journey/data/fgnet_raw/FGNET/images/064A03.JPG,64,3,59.0,21.0,True,0.7061336040496826,True
064A04.JPG,/Users/horganm0/.copilot/repos/copilot-worktrees/age-estimator/horganm0-risk-cautious-journey/data/fgnet_raw/FGNET/images/064A04.JPG,64,4,32.0,33.0,True,0.7125581502914429,False
064A10.JPG,/Users/horganm0/.copilot/repos/copilot-worktrees/age-estimator/horganm0-risk-cautious-journey/data/fgnet_raw/FGNET/images/064A10.JPG,64,10,12.0,8.0,True,0.7267422080039978,False
064A15.JPG,/Users/horganm0/.copilot/repos/copilot-worktrees/age-estimator/horganm0-risk-cautious-journey/data/fgnet_raw/FGNET/images/064A15.JPG,64,15,21.0,13.0,True,0.5951240062713623,False
064A19.JPG,/Users/horganm0/.copilot/repos/copilot-worktrees/age-estimator/horganm0-risk-cautious-journey/data/fgnet_raw/FGNET/images/064A19.JPG,64,19,29.0,11.0,True,0.7084009051322937,False
065A02a.JPG,/Users/horganm0/.copilot/repos/copilot-worktrees/age-estimator/horganm0-risk-cautious-journey/data/fgnet_raw/FGNET/images/065A02a.JPG,65,2,3.0,2.0,True,0.9545621275901794,True
065A02b.JPG,/Users/horganm0/.copilot/repos/copilot-worktrees/age-estimator/horganm0-risk-cautious-journey/data/fgnet_raw/FGNET/images/065A02b.JPG,65,2,3.0,1.0,True,0.744738757610321,False
065A03a.JPG,/Users/horganm0/.copilot/repos/copilot-worktrees/age-estimator/horganm0-risk-cautious-journey/data/fgnet_raw/FGNET/images/065A03a.JPG,65,3,4.0,1.0,True,0.908490002155304,True
065A03b.JPG,/Users/horganm0/.copilot/repos/copilot-worktrees/age-estimator/horganm0-risk-cautious-journey/data/fgnet_raw/FGNET/images/065A03b.JPG,65,3,6.0,4.0,True,0.6750440001487732,False
065A04.JPG,/Users/horganm0/.copilot/repos/copilot-worktrees/age-estimator/horganm0-risk-cautious-journey/data/fgnet_raw/FGNET/images/065A04.JPG,65,4,8.0,1.0,True,0.7436016798019409,False
065A06a.JPG,/Users/horganm0/.copilot/repos/copilot-worktrees/age-estimator/horganm0-risk-cautious-journey/data/fgnet_raw/FGNET/images/065A06a.JPG,65,6,8.0,0.0,True,0.8474875092506409,True
065A06b.JPG,/Users/horganm0/.copilot/repos/copilot-worktrees/age-estimator/horganm0-risk-cautious-journey/data/fgnet_raw/FGNET/images/065A06b.JPG,65,6,8.0,0.0,True,0.6796289682388306,False
065A07a.JPG,/Users/horganm0/.copilot/repos/copilot-worktrees/age-estimator/horganm0-risk-cautious-journey/data/fgnet_raw/FGNET/images/065A07a.JPG,65,7,8.0,3.0,True,0.865419328212738,True
065A07b.JPG,/Users/horganm0/.copilot/repos/copilot-worktrees/age-estimator/horganm0-risk-cautious-journey/data/fgnet_raw/FGNET/images/065A07b.JPG,65,7,8.0,0.0,True,0.6796948909759521,False
065A08.JPG,/Users/horganm0/.copilot/repos/copilot-worktrees/age-estimator/horganm0-risk-cautious-journey/data/fgnet_raw/FGNET/images/065A08.JPG,65,8,8.0,6.0,True,0.6363778114318848,False
065A09.JPG,/Users/horganm0/.copilot/repos/copilot-worktrees/age-estimator/horganm0-risk-cautious-journey/data/fgnet_raw/FGNET/images/065A09.JPG,65,9,8.0,0.0,True,0.7383072972297668,False
065A10.JPG,/Users/horganm0/.copilot/repos/copilot-worktrees/age-estimator/horganm0-risk-cautious-journey/data/fgnet_raw/FGNET/images/065A10.JPG,65,10,14.0,4.0,True,0.7422927021980286,True
065A11.JPG,/Users/horganm0/.copilot/repos/copilot-worktrees/age-estimator/horganm0-risk-cautious-journey/data/fgnet_raw/FGNET/images/065A11.JPG,65,11,12.0,6.0,True,0.8017187714576721,True
065A12.JPG,/Users/horganm0/.copilot/repos/copilot-worktrees/age-estimator/horganm0-risk-cautious-journey/data/fgnet_raw/FGNET/images/065A12.JPG,65,12,18.0,3.0,True,0.762900173664093,False
065A13.JPG,/Users/horganm0/.copilot/repos/copilot-worktrees/age-estimator/horganm0-risk-cautious-journey/data/fgnet_raw/FGNET/images/065A13.JPG,65,13,14.0,10.0,True,0.7443337440490723,True
066A00.JPG,/Users/horganm0/.copilot/repos/copilot-worktrees/age-estimator/horganm0-risk-cautious-journey/data/fgnet_raw/FGNET/images/066A00.JPG,66,0,2.0,2.0,True,0.7668027877807617,False
066A02a.JPG,/Users/horganm0/.copilot/repos/copilot-worktrees/age-estimator/horganm0-risk-cautious-journey/data/fgnet_raw/FGNET/images/066A02a.JPG,66,2,3.0,2.0,True,0.8199011087417603,False
066A02b.JPG,/Users/horganm0/.copilot/repos/copilot-worktrees/age-estimator/horganm0-risk-cautious-journey/data/fgnet_raw/FGNET/images/066A02b.JPG,66,2,4.0,2.0,True,0.6135947108268738,False
066A03.JPG,/Users/horganm0/.copilot/repos/copilot-worktrees/age-estimator/horganm0-risk-cautious-journey/data/fgnet_raw/FGNET/images/066A03.JPG,66,3,6.0,4.0,True,0.8273689150810242,True
066A04.JPG,/Users/horganm0/.copilot/repos/copilot-worktrees/age-estimator/horganm0-risk-cautious-journey/data/fgnet_raw/FGNET/images/066A04.JPG,66,4,8.0,1.0,True,0.7620776891708374,False
066A06a.JPG,/Users/horganm0/.copilot/repos/copilot-worktrees/age-estimator/horganm0-risk-cautious-journey/data/fgnet_raw/FGNET/images/066A06a.JPG,66,6,8.0,1.0,True,0.6785008907318115,False
066A06b.JPG,/Users/horganm0/.copilot/repos/copilot-worktrees/age-estimator/horganm0-risk-cautious-journey/data/fgnet_raw/FGNET/images/066A06b.JPG,66,6,6.0,3.0,True,0.835483968257904,True
066A07.JPG,/Users/horganm0/.copilot/repos/copilot-worktrees/age-estimator/horganm0-risk-cautious-journey/data/fgnet_raw/FGNET/images/066A07.JPG,66,7,8.0,1.0,True,0.5734115839004517,False
066A08.JPG,/Users/horganm0/.copilot/repos/copilot-worktrees/age-estimator/horganm0-risk-cautious-journey/data/fgnet_raw/FGNET/images/066A08.JPG,66,8,5.0,3.0,True,0.7081568241119385,False
066A09.JPG,/Users/horganm0/.copilot/repos/copilot-worktrees/age-estimator/horganm0-risk-cautious-journey/data/fgnet_raw/FGNET/images/066A09.JPG,66,9,6.0,4.0,True,0.6961397528648376,False
066A10.JPG,/Users/horganm0/.copilot/repos/copilot-worktrees/age-estimator/horganm0-risk-cautious-journey/data/fgnet_raw/FGNET/images/066A10.JPG,66,10,14.0,6.0,True,0.8510317206382751,True
066A11.JPG,/Users/horganm0/.copilot/repos/copilot-worktrees/age-estimator/horganm0-risk-cautious-journey/data/fgnet_raw/FGNET/images/066A11.JPG,66,11,12.0,6.0,True,0.792958676815033,True
067A04.JPG,/Users/horganm0/.copilot/repos/copilot-worktrees/age-estimator/horganm0-risk-cautious-journey/data/fgnet_raw/FGNET/images/067A04.JPG,67,4,5.0,4.0,True,0.6051995754241943,False
067A14.JPG,/Users/horganm0/.copilot/repos/copilot-worktrees/age-estimator/horganm0-risk-cautious-journey/data/fgnet_raw/FGNET/images/067A14.JPG,67,14,40.0,32.0,True,0.797530472278595,True
067A17.JPG,/Users/horganm0/.copilot/repos/copilot-worktrees/age-estimator/horganm0-risk-cautious-journey/data/fgnet_raw/FGNET/images/067A17.JPG,67,17,16.0,3.0,True,0.6774922609329224,False
067A21.JPG,/Users/horganm0/.copilot/repos/copilot-worktrees/age-estimator/horganm0-risk-cautious-journey/data/fgnet_raw/FGNET/images/067A21.JPG,67,21,17.0,7.0,True,0.6632624268531799,False
067A23.JPG,/Users/horganm0/.copilot/repos/copilot-worktrees/age-estimator/horganm0-risk-cautious-journey/data/fgnet_raw/FGNET/images/067A23.JPG,67,23,28.0,9.0,True,0.6001616716384888,False
067A26.JPG,/Users/horganm0/.copilot/repos/copilot-worktrees/age-estimator/horganm0-risk-cautious-journey/data/fgnet_raw/FGNET/images/067A26.JPG,67,26,26.0,9.0,True,0.7083135843276978,False
067A28.JPG,/Users/horganm0/.copilot/repos/copilot-worktrees/age-estimator/horganm0-risk-cautious-journey/data/fgnet_raw/FGNET/images/067A28.JPG,67,28,37.0,25.0,True,0.705605685710907,False
067A30.JPG,/Users/horganm0/.copilot/repos/copilot-worktrees/age-estimator/horganm0-risk-cautious-journey/data/fgnet_raw/FGNET/images/067A30.JPG,67,30,53.0,18.0,True,0.7418413162231445,True
067A33.JPG,/Users/horganm0/.copilot/repos/copilot-worktrees/age-estimator/horganm0-risk-cautious-journey/data/fgnet_raw/FGNET/images/067A33.JPG,67,33,32.0,27.0,True,0.6963983774185181,False
067A39.JPG,/Users/horganm0/.copilot/repos/copilot-worktrees/age-estimator/horganm0-risk-cautious-journey/data/fgnet_raw/FGNET/images/067A39.JPG,67,39,22.0,36.0,True,0.7514103055000305,False
068A00.JPG,/Users/horganm0/.copilot/repos/copilot-worktrees/age-estimator/horganm0-risk-cautious-journey/data/fgnet_raw/FGNET/images/068A00.JPG,68,0,1.0,1.0,True,0.7108767032623291,True
068A03.JPG,/Users/horganm0/.copilot/repos/copilot-worktrees/age-estimator/horganm0-risk-cautious-journey/data/fgnet_raw/FGNET/images/068A03.JPG,68,3,4.0,2.0,True,0.6132200360298157,False
068A04.JPG,/Users/horganm0/.copilot/repos/copilot-worktrees/age-estimator/horganm0-risk-cautious-journey/data/fgnet_raw/FGNET/images/068A04.JPG,68,4,6.0,3.0,True,0.5864272713661194,False
068A09.JPG,/Users/horganm0/.copilot/repos/copilot-worktrees/age-estimator/horganm0-risk-cautious-journey/data/fgnet_raw/FGNET/images/068A09.JPG,68,9,7.0,3.0,True,0.8180150389671326,True
068A10a.JPG,/Users/horganm0/.copilot/repos/copilot-worktrees/age-estimator/horganm0-risk-cautious-journey/data/fgnet_raw/FGNET/images/068A10a.JPG,68,10,16.0,3.0,True,0.685888409614563,False
068A10b.JPG,/Users/horganm0/.copilot/repos/copilot-worktrees/age-estimator/horganm0-risk-cautious-journey/data/fgnet_raw/FGNET/images/068A10b.JPG,68,10,8.0,3.0,True,0.6703762412071228,False
068A11.JPG,/Users/horganm0/.copilot/repos/copilot-worktrees/age-estimator/horganm0-risk-cautious-journey/data/fgnet_raw/FGNET/images/068A11.JPG,68,11,15.0,10.0,True,0.7126326560974121,False
068A12.JPG,/Users/horganm0/.copilot/repos/copilot-worktrees/age-estimator/horganm0-risk-cautious-journey/data/fgnet_raw/FGNET/images/068A12.JPG,68,12,14.0,4.0,True,0.829928457736969,True
068A13.JPG,/Users/horganm0/.copilot/repos/copilot-worktrees/age-estimator/horganm0-risk-cautious-journey/data/fgnet_raw/FGNET/images/068A13.JPG,68,13,8.0,6.0,True,0.7528353333473206,True
068A14.JPG,/Users/horganm0/.copilot/repos/copilot-worktrees/age-estimator/horganm0-risk-cautious-journey/data/fgnet_raw/FGNET/images/068A14.JPG,68,14,21.0,10.0,True,0.6349431872367859,False
069A00.JPG,/Users/horganm0/.copilot/repos/copilot-worktrees/age-estimator/horganm0-risk-cautious-journey/data/fgnet_raw/FGNET/images/069A00.JPG,69,0,1.0,0.0,True,0.7522895336151123,False
069A02.JPG,/Users/horganm0/.copilot/repos/copilot-worktrees/age-estimator/horganm0-risk-cautious-journey/data/fgnet_raw/FGNET/images/069A02.JPG,69,2,4.0,1.0,True,0.6674414873123169,False
069A03.JPG,/Users/horganm0/.copilot/repos/copilot-worktrees/age-estimator/horganm0-risk-cautious-journey/data/fgnet_raw/FGNET/images/069A03.JPG,69,3,3.0,2.0,True,0.629569947719574,False
069A04.JPG,/Users/horganm0/.copilot/repos/copilot-worktrees/age-estimator/horganm0-risk-cautious-journey/data/fgnet_raw/FGNET/images/069A04.JPG,69,4,6.0,2.0,True,0.6996378302574158,False
069A05.JPG,/Users/horganm0/.copilot/repos/copilot-worktrees/age-estimator/horganm0-risk-cautious-journey/data/fgnet_raw/FGNET/images/069A05.JPG,69,5,5.0,2.0,True,0.656808078289032,False
069A06.JPG,/Users/horganm0/.copilot/repos/copilot-worktrees/age-estimator/horganm0-risk-cautious-journey/data/fgnet_raw/FGNET/images/069A06.JPG,69,6,9.0,3.0,True,0.6807546019554138,False
069A07.JPG,/Users/horganm0/.copilot/repos/copilot-worktrees/age-estimator/horganm0-risk-cautious-journey/data/fgnet_raw/FGNET/images/069A07.JPG,69,7,8.0,3.0,True,0.6779223084449768,False
069A09.JPG,/Users/horganm0/.copilot/repos/copilot-worktrees/age-estimator/horganm0-risk-cautious-journey/data/fgnet_raw/FGNET/images/069A09.JPG,69,9,10.0,3.0,True,0.7411416172981262,True
069A10.JPG,/Users/horganm0/.copilot/repos/copilot-worktrees/age-estimator/horganm0-risk-cautious-journey/data/fgnet_raw/FGNET/images/069A10.JPG,69,10,16.0,12.0,True,0.5785488486289978,False
069A11.JPG,/Users/horganm0/.copilot/repos/copilot-worktrees/age-estimator/horganm0-risk-cautious-journey/data/fgnet_raw/FGNET/images/069A11.JPG,69,11,8.0,4.0,True,0.7582566738128662,False
069A13.JPG,/Users/horganm0/.copilot/repos/copilot-worktrees/age-estimator/horganm0-risk-cautious-journey/data/fgnet_raw/FGNET/images/069A13.JPG,69,13,16.0,3.0,True,0.6528061032295227,False
070A00.JPG,/Users/horganm0/.copilot/repos/copilot-worktrees/age-estimator/horganm0-risk-cautious-journey/data/fgnet_raw/FGNET/images/070A00.JPG,70,0,3.0,1.0,True,0.6123372912406921,False
070A01.JPG,/Users/horganm0/.copilot/repos/copilot-worktrees/age-estimator/horganm0-risk-cautious-journey/data/fgnet_raw/FGNET/images/070A01.JPG,70,1,5.0,3.0,True,0.5763805508613586,False
070A02.JPG,/Users/horganm0/.copilot/repos/copilot-worktrees/age-estimator/horganm0-risk-cautious-journey/data/fgnet_raw/FGNET/images/070A02.JPG,70,2,5.0,1.0,True,0.5746585130691528,False
070A03.JPG,/Users/horganm0/.copilot/repos/copilot-worktrees/age-estimator/horganm0-risk-cautious-journey/data/fgnet_raw/FGNET/images/070A03.JPG,70,3,4.0,1.0,True,0.5909513831138611,False
070A05.JPG,/Users/horganm0/.copilot/repos/copilot-worktrees/age-estimator/horganm0-risk-cautious-journey/data/fgnet_raw/FGNET/images/070A05.JPG,70,5,6.0,4.0,True,0.5978700518608093,False
070A06.JPG,/Users/horganm0/.copilot/repos/copilot-worktrees/age-estimator/horganm0-risk-cautious-journey/data/fgnet_raw/FGNET/images/070A06.JPG,70,6,6.0,4.0,True,0.5916609168052673,False
070A07.JPG,/Users/horganm0/.copilot/repos/copilot-worktrees/age-estimator/horganm0-risk-cautious-journey/data/fgnet_raw/FGNET/images/070A07.JPG,70,7,14.0,5.0,True,0.6360534429550171,False
070A08.JPG,/Users/horganm0/.copilot/repos/copilot-worktrees/age-estimator/horganm0-risk-cautious-journey/data/fgnet_raw/FGNET/images/070A08.JPG,70,8,10.0,4.0,True,0.6005012392997742,False
070A09.JPG,/Users/horganm0/.copilot/repos/copilot-worktrees/age-estimator/horganm0-risk-cautious-journey/data/fgnet_raw/FGNET/images/070A09.JPG,70,9,15.0,8.0,True,0.6158108115196228,False
070A12.JPG,/Users/horganm0/.copilot/repos/copilot-worktrees/age-estimator/horganm0-risk-cautious-journey/data/fgnet_raw/FGNET/images/070A12.JPG,70,12,14.0,4.0,True,0.6349762678146362,False
070A14.JPG,/Users/horganm0/.copilot/repos/copilot-worktrees/age-estimator/horganm0-risk-cautious-journey/data/fgnet_raw/FGNET/images/070A14.JPG,70,14,20.0,6.0,True,0.6542672514915466,False
071A00.JPG,/Users/horganm0/.copilot/repos/copilot-worktrees/age-estimator/horganm0-risk-cautious-journey/data/fgnet_raw/FGNET/images/071A00.JPG,71,0,36.0,15.0,True,0.667505145072937,False
071A10.JPG,/Users/horganm0/.copilot/repos/copilot-worktrees/age-estimator/horganm0-risk-cautious-journey/data/fgnet_raw/FGNET/images/071A10.JPG,71,10,25.0,7.0,True,0.6738379001617432,False
071A18.JPG,/Users/horganm0/.copilot/repos/copilot-worktrees/age-estimator/horganm0-risk-cautious-journey/data/fgnet_raw/FGNET/images/071A18.JPG,71,18,43.0,12.0,True,0.6583977937698364,False
071A22.JPG,/Users/horganm0/.copilot/repos/copilot-worktrees/age-estimator/horganm0-risk-cautious-journey/data/fgnet_raw/FGNET/images/071A22.JPG,71,22,32.0,8.0,True,0.650480329990387,False
071A23.JPG,/Users/horganm0/.copilot/repos/copilot-worktrees/age-estimator/horganm0-risk-cautious-journey/data/fgnet_raw/FGNET/images/071A23.JPG,71,23,31.0,10.0,True,0.5965498089790344,False
071A24.JPG,/Users/horganm0/.copilot/repos/copilot-worktrees/age-estimator/horganm0-risk-cautious-journey/data/fgnet_raw/FGNET/images/071A24.JPG,71,24,40.0,4.0,True,0.6882768869400024,False
071A27.JPG,/Users/horganm0/.copilot/repos/copilot-worktrees/age-estimator/horganm0-risk-cautious-journey/data/fgnet_raw/FGNET/images/071A27.JPG,71,27,39.0,6.0,True,0.6707524657249451,False
071A35.JPG,/Users/horganm0/.copilot/repos/copilot-worktrees/age-estimator/horganm0-risk-cautious-journey/data/fgnet_raw/FGNET/images/071A35.JPG,71,35,48.0,10.0,True,0.7432706952095032,True
071A40.JPG,/Users/horganm0/.copilot/repos/copilot-worktrees/age-estimator/horganm0-risk-cautious-journey/data/fgnet_raw/FGNET/images/071A40.JPG,71,40,50.0,16.0,True,0.6957783699035645,False
071A42.JPG,/Users/horganm0/.copilot/repos/copilot-worktrees/age-estimator/horganm0-risk-cautious-journey/data/fgnet_raw/FGNET/images/071A42.JPG,71,42,40.0,8.0,True,0.6806923151016235,False
071A43.JPG,/Users/horganm0/.copilot/repos/copilot-worktrees/age-estimator/horganm0-risk-cautious-journey/data/fgnet_raw/FGNET/images/071A43.JPG,71,43,39.0,7.0,True,0.6795222759246826,False
071A44.JPG,/Users/horganm0/.copilot/repos/copilot-worktrees/age-estimator/horganm0-risk-cautious-journey/data/fgnet_raw/FGNET/images/071A44.JPG,71,44,59.0,16.0,True,0.7795941829681396,True
071A45.JPG,/Users/horganm0/.copilot/repos/copilot-worktrees/age-estimator/horganm0-risk-cautious-journey/data/fgnet_raw/FGNET/images/071A45.JPG,71,45,40.0,11.0,True,0.7153490781784058,False
072A02.JPG,/Users/horganm0/.copilot/repos/copilot-worktrees/age-estimator/horganm0-risk-cautious-journey/data/fgnet_raw/FGNET/images/072A02.JPG,72,2,8.0,0.0,True,0.6003713607788086,False
072A07.JPG,/Users/horganm0/.copilot/repos/copilot-worktrees/age-estimator/horganm0-risk-cautious-journey/data/fgnet_raw/FGNET/images/072A07.JPG,72,7,8.0,0.0,True,0.5958225131034851,False
072A11.JPG,/Users/horganm0/.copilot/repos/copilot-worktrees/age-estimator/horganm0-risk-cautious-journey/data/fgnet_raw/FGNET/images/072A11.JPG,72,11,8.0,7.0,True,0.5794145464897156,False
072A13.JPG,/Users/horganm0/.copilot/repos/copilot-worktrees/age-estimator/horganm0-risk-cautious-journey/data/fgnet_raw/FGNET/images/072A13.JPG,72,13,23.0,7.0,True,0.6353655457496643,False
072A14.JPG,/Users/horganm0/.copilot/repos/copilot-worktrees/age-estimator/horganm0-risk-cautious-journey/data/fgnet_raw/FGNET/images/072A14.JPG,72,14,23.0,7.0,True,0.6678136587142944,False
072A17.JPG,/Users/horganm0/.copilot/repos/copilot-worktrees/age-estimator/horganm0-risk-cautious-journey/data/fgnet_raw/FGNET/images/072A17.JPG,72,17,25.0,6.0,True,0.6053385138511658,False
072A19.JPG,/Users/horganm0/.copilot/repos/copilot-worktrees/age-estimator/horganm0-risk-cautious-journey/data/fgnet_raw/FGNET/images/072A19.JPG,72,19,27.0,6.0,True,0.5892918705940247,False
072A21.JPG,/Users/horganm0/.copilot/repos/copilot-worktrees/age-estimator/horganm0-risk-cautious-journey/data/fgnet_raw/FGNET/images/072A21.JPG,72,21,38.0,17.0,True,0.6040213704109192,False
072A25.JPG,/Users/horganm0/.copilot/repos/copilot-worktrees/age-estimator/horganm0-risk-cautious-journey/data/fgnet_raw/FGNET/images/072A25.JPG,72,25,28.0,5.0,True,0.5750060677528381,False
072A27.JPG,/Users/horganm0/.copilot/repos/copilot-worktrees/age-estimator/horganm0-risk-cautious-journey/data/fgnet_raw/FGNET/images/072A27.JPG,72,27,29.0,12.0,True,0.541590690612793,False
072A29.JPG,/Users/horganm0/.copilot/repos/copilot-worktrees/age-estimator/horganm0-risk-cautious-journey/data/fgnet_raw/FGNET/images/072A29.JPG,72,29,26.0,8.0,True,0.6534121036529541,False
072A34.JPG,/Users/horganm0/.copilot/repos/copilot-worktrees/age-estimator/horganm0-risk-cautious-journey/data/fgnet_raw/FGNET/images/072A34.JPG,72,34,42.0,22.0,True,0.7346663475036621,False
072A41.JPG,/Users/horganm0/.copilot/repos/copilot-worktrees/age-estimator/horganm0-risk-cautious-journey/data/fgnet_raw/FGNET/images/072A41.JPG,72,41,38.0,30.0,True,0.7064136862754822,False
072A45.JPG,/Users/horganm0/.copilot/repos/copilot-worktrees/age-estimator/horganm0-risk-cautious-journey/data/fgnet_raw/FGNET/images/072A45.JPG,72,45,45.0,24.0,True,0.6802224516868591,False
073A00.JPG,/Users/horganm0/.copilot/repos/copilot-worktrees/age-estimator/horganm0-risk-cautious-journey/data/fgnet_raw/FGNET/images/073A00.JPG,73,0,1.0,1.0,True,0.6759418249130249,False
073A01.JPG,/Users/horganm0/.copilot/repos/copilot-worktrees/age-estimator/horganm0-risk-cautious-journey/data/fgnet_raw/FGNET/images/073A01.JPG,73,1,3.0,1.0,True,0.6482656598091125,False
073A02.JPG,/Users/horganm0/.copilot/repos/copilot-worktrees/age-estimator/horganm0-risk-cautious-journey/data/fgnet_raw/FGNET/images/073A02.JPG,73,2,5.0,3.0,True,0.5750182867050171,False
073A03.JPG,/Users/horganm0/.copilot/repos/copilot-worktrees/age-estimator/horganm0-risk-cautious-journey/data/fgnet_raw/FGNET/images/073A03.JPG,73,3,3.0,1.0,True,0.5596490502357483,False
073A04.JPG,/Users/horganm0/.copilot/repos/copilot-worktrees/age-estimator/horganm0-risk-cautious-journey/data/fgnet_raw/FGNET/images/073A04.JPG,73,4,5.0,1.0,True,0.6147634983062744,False
073A05.JPG,/Users/horganm0/.copilot/repos/copilot-worktrees/age-estimator/horganm0-risk-cautious-journey/data/fgnet_raw/FGNET/images/073A05.JPG,73,5,3.0,2.0,True,0.638351321220398,False
073A06.JPG,/Users/horganm0/.copilot/repos/copilot-worktrees/age-estimator/horganm0-risk-cautious-journey/data/fgnet_raw/FGNET/images/073A06.JPG,73,6,8.0,2.0,True,0.6151785254478455,False
073A07.JPG,/Users/horganm0/.copilot/repos/copilot-worktrees/age-estimator/horganm0-risk-cautious-journey/data/fgnet_raw/FGNET/images/073A07.JPG,73,7,8.0,2.0,True,0.5748900175094604,False
073A08.JPG,/Users/horganm0/.copilot/repos/copilot-worktrees/age-estimator/horganm0-risk-cautious-journey/data/fgnet_raw/FGNET/images/073A08.JPG,73,8,8.0,0.0,True,0.649074912071228,False
073A09.JPG,/Users/horganm0/.copilot/repos/copilot-worktrees/age-estimator/horganm0-risk-cautious-journey/data/fgnet_raw/FGNET/images/073A09.JPG,73,9,8.0,0.0,True,0.5414837002754211,False
073A11.JPG,/Users/horganm0/.copilot/repos/copilot-worktrees/age-estimator/horganm0-risk-cautious-journey/data/fgnet_raw/FGNET/images/073A11.JPG,73,11,14.0,6.0,True,0.6273666620254517,False
073A12.JPG,/Users/horganm0/.copilot/repos/copilot-worktrees/age-estimator/horganm0-risk-cautious-journey/data/fgnet_raw/FGNET/images/073A12.JPG,73,12,16.0,6.0,True,0.6673063635826111,False
073A13.JPG,/Users/horganm0/.copilot/repos/copilot-worktrees/age-estimator/horganm0-risk-cautious-journey/data/fgnet_raw/FGNET/images/073A13.JPG,73,13,24.0,6.0,True,0.6379486918449402,False
073A14.JPG,/Users/horganm0/.copilot/repos/copilot-worktrees/age-estimator/horganm0-risk-cautious-journey/data/fgnet_raw/FGNET/images/073A14.JPG,73,14,18.0,9.0,True,0.6602678894996643,False
073A15.JPG,/Users/horganm0/.copilot/repos/copilot-worktrees/age-estimator/horganm0-risk-cautious-journey/data/fgnet_raw/FGNET/images/073A15.JPG,73,15,26.0,5.0,True,0.6811764240264893,False
073A16.JPG,/Users/horganm0/.copilot/repos/copilot-worktrees/age-estimator/horganm0-risk-cautious-journey/data/fgnet_raw/FGNET/images/073A16.JPG,73,16,28.0,7.0,True,0.6627124547958374,False
074A00.JPG,/Users/horganm0/.copilot/repos/copilot-worktrees/age-estimator/horganm0-risk-cautious-journey/data/fgnet_raw/FGNET/images/074A00.JPG,74,0,1.0,1.0,True,0.6356419324874878,False
074A01.JPG,/Users/horganm0/.copilot/repos/copilot-worktrees/age-estimator/horganm0-risk-cautious-journey/data/fgnet_raw/FGNET/images/074A01.JPG,74,1,3.0,1.0,True,0.6594595313072205,False
074A02.JPG,/Users/horganm0/.copilot/repos/copilot-worktrees/age-estimator/horganm0-risk-cautious-journey/data/fgnet_raw/FGNET/images/074A02.JPG,74,2,3.0,1.0,True,0.6520510315895081,False
074A03.JPG,/Users/horganm0/.copilot/repos/copilot-worktrees/age-estimator/horganm0-risk-cautious-journey/data/fgnet_raw/FGNET/images/074A03.JPG,74,3,4.0,0.0,True,0.6857523322105408,False
074A04.JPG,/Users/horganm0/.copilot/repos/copilot-worktrees/age-estimator/horganm0-risk-cautious-journey/data/fgnet_raw/FGNET/images/074A04.JPG,74,4,5.0,1.0,True,0.4759732186794281,False
074A05.JPG,/Users/horganm0/.copilot/repos/copilot-worktrees/age-estimator/horganm0-risk-cautious-journey/data/fgnet_raw/FGNET/images/074A05.JPG,74,5,4.0,1.0,True,0.5876628756523132,False
074A06.JPG,/Users/horganm0/.copilot/repos/copilot-worktrees/age-estimator/horganm0-risk-cautious-journey/data/fgnet_raw/FGNET/images/074A06.JPG,74,6,8.0,1.0,True,0.6027870774269104,False
074A07.JPG,/Users/horganm0/.copilot/repos/copilot-worktrees/age-estimator/horganm0-risk-cautious-journey/data/fgnet_raw/FGNET/images/074A07.JPG,74,7,8.0,4.0,True,0.7202725410461426,False
074A08.JPG,/Users/horganm0/.copilot/repos/copilot-worktrees/age-estimator/horganm0-risk-cautious-journey/data/fgnet_raw/FGNET/images/074A08.JPG,74,8,6.0,3.0,True,0.6539490222930908,False
074A09.JPG,/Users/horganm0/.copilot/repos/copilot-worktrees/age-estimator/horganm0-risk-cautious-journey/data/fgnet_raw/FGNET/images/074A09.JPG,74,9,7.0,4.0,True,0.5681648254394531,False
074A10.JPG,/Users/horganm0/.copilot/repos/copilot-worktrees/age-estimator/horganm0-risk-cautious-journey/data/fgnet_raw/FGNET/images/074A10.JPG,74,10,8.0,0.0,True,0.6339212656021118,False
074A11.JPG,/Users/horganm0/.copilot/repos/copilot-worktrees/age-estimator/horganm0-risk-cautious-journey/data/fgnet_raw/FGNET/images/074A11.JPG,74,11,8.0,0.0,True,0.5904579162597656,False
074A12.JPG,/Users/horganm0/.copilot/repos/copilot-worktrees/age-estimator/horganm0-risk-cautious-journey/data/fgnet_raw/FGNET/images/074A12.JPG,74,12,16.0,2.0,True,0.6765761375427246,False
074A13.JPG,/Users/horganm0/.copilot/repos/copilot-worktrees/age-estimator/horganm0-risk-cautious-journey/data/fgnet_raw/FGNET/images/074A13.JPG,74,13,14.0,7.0,True,0.610164225101471,False
074A14.JPG,/Users/horganm0/.copilot/repos/copilot-worktrees/age-estimator/horganm0-risk-cautious-journey/data/fgnet_raw/FGNET/images/074A14.JPG,74,14,14.0,10.0,True,0.6876485347747803,False
074A15.JPG,/Users/horganm0/.copilot/repos/copilot-worktrees/age-estimator/horganm0-risk-cautious-journey/data/fgnet_raw/FGNET/images/074A15.JPG,74,15,20.0,10.0,True,0.6933114528656006,False
075A00.JPG,/Users/horganm0/.copilot/repos/copilot-worktrees/age-estimator/horganm0-risk-cautious-journey/data/fgnet_raw/FGNET/images/075A00.JPG,75,0,1.0,1.0,True,0.6926781535148621,True
075A01.JPG,/Users/horganm0/.copilot/repos/copilot-worktrees/age-estimator/horganm0-risk-cautious-journey/data/fgnet_raw/FGNET/images/075A01.JPG,75,1,4.0,1.0,True,0.5817743539810181,False
075A02.JPG,/Users/horganm0/.copilot/repos/copilot-worktrees/age-estimator/horganm0-risk-cautious-journey/data/fgnet_raw/FGNET/images/075A02.JPG,75,2,4.0,1.0,True,0.5778573751449585,False
075A03.JPG,/Users/horganm0/.copilot/repos/copilot-worktrees/age-estimator/horganm0-risk-cautious-journey/data/fgnet_raw/FGNET/images/075A03.JPG,75,3,5.0,1.0,True,0.7526462078094482,True
075A05.JPG,/Users/horganm0/.copilot/repos/copilot-worktrees/age-estimator/horganm0-risk-cautious-journey/data/fgnet_raw/FGNET/images/075A05.JPG,75,5,8.0,2.0,True,0.6157317161560059,False
075A06.JPG,/Users/horganm0/.copilot/repos/copilot-worktrees/age-estimator/horganm0-risk-cautious-journey/data/fgnet_raw/FGNET/images/075A06.JPG,75,6,8.0,0.0,True,0.6078521013259888,False
075A07.JPG,/Users/horganm0/.copilot/repos/copilot-worktrees/age-estimator/horganm0-risk-cautious-journey/data/fgnet_raw/FGNET/images/075A07.JPG,75,7,8.0,4.0,True,0.6297963857650757,False
075A08.JPG,/Users/horganm0/.copilot/repos/copilot-worktrees/age-estimator/horganm0-risk-cautious-journey/data/fgnet_raw/FGNET/images/075A08.JPG,75,8,8.0,3.0,True,0.6286186575889587,False
075A10.JPG,/Users/horganm0/.copilot/repos/copilot-worktrees/age-estimator/horganm0-risk-cautious-journey/data/fgnet_raw/FGNET/images/075A10.JPG,75,10,15.0,9.0,True,0.6387553811073303,False
075A11.JPG,/Users/horganm0/.copilot/repos/copilot-worktrees/age-estimator/horganm0-risk-cautious-journey/data/fgnet_raw/FGNET/images/075A11.JPG,75,11,14.0,4.0,True,0.7022616863250732,False
076A00.JPG,/Users/horganm0/.copilot/repos/copilot-worktrees/age-estimator/horganm0-risk-cautious-journey/data/fgnet_raw/FGNET/images/076A00.JPG,76,0,1.0,0.0,True,0.639652669429779,False
076A01.JPG,/Users/horganm0/.copilot/repos/copilot-worktrees/age-estimator/horganm0-risk-cautious-journey/data/fgnet_raw/FGNET/images/076A01.JPG,76,1,1.0,1.0,True,0.6664797067642212,False
076A02.JPG,/Users/horganm0/.copilot/repos/copilot-worktrees/age-estimator/horganm0-risk-cautious-journey/data/fgnet_raw/FGNET/images/076A02.JPG,76,2,5.0,2.0,True,0.61121666431427,False
076A03.JPG,/Users/horganm0/.copilot/repos/copilot-worktrees/age-estimator/horganm0-risk-cautious-journey/data/fgnet_raw/FGNET/images/076A03.JPG,76,3,9.0,4.0,True,0.575715184211731,False
076A04.JPG,/Users/horganm0/.copilot/repos/copilot-worktrees/age-estimator/horganm0-risk-cautious-journey/data/fgnet_raw/FGNET/images/076A04.JPG,76,4,7.0,3.0,True,0.6179354190826416,False
076A05.JPG,/Users/horganm0/.copilot/repos/copilot-worktrees/age-estimator/horganm0-risk-cautious-journey/data/fgnet_raw/FGNET/images/076A05.JPG,76,5,7.0,3.0,True,0.6353065371513367,False
076A06.JPG,/Users/horganm0/.copilot/repos/copilot-worktrees/age-estimator/horganm0-risk-cautious-journey/data/fgnet_raw/FGNET/images/076A06.JPG,76,6,8.0,1.0,True,0.6553907990455627,False
076A07.JPG,/Users/horganm0/.copilot/repos/copilot-worktrees/age-estimator/horganm0-risk-cautious-journey/data/fgnet_raw/FGNET/images/076A07.JPG,76,7,8.0,0.0,True,0.7527199983596802,False
076A08.JPG,/Users/horganm0/.copilot/repos/copilot-worktrees/age-estimator/horganm0-risk-cautious-journey/data/fgnet_raw/FGNET/images/076A08.JPG,76,8,8.0,4.0,True,0.6621454358100891,False
076A09.JPG,/Users/horganm0/.copilot/repos/copilot-worktrees/age-estimator/horganm0-risk-cautious-journey/data/fgnet_raw/FGNET/images/076A09.JPG,76,9,11.0,5.0,True,0.6973471641540527,False
076A10.JPG,/Users/horganm0/.copilot/repos/copilot-worktrees/age-estimator/horganm0-risk-cautious-journey/data/fgnet_raw/FGNET/images/076A10.JPG,76,10,14.0,4.0,True,0.6946871280670166,False
076A11.JPG,/Users/horganm0/.copilot/repos/copilot-worktrees/age-estimator/horganm0-risk-cautious-journey/data/fgnet_raw/FGNET/images/076A11.JPG,76,11,15.0,5.0,True,0.7090566754341125,False
076A12.JPG,/Users/horganm0/.copilot/repos/copilot-worktrees/age-estimator/horganm0-risk-cautious-journey/data/fgnet_raw/FGNET/images/076A12.JPG,76,12,16.0,3.0,True,0.6963831782341003,False
076A13.JPG,/Users/horganm0/.copilot/repos/copilot-worktrees/age-estimator/horganm0-risk-cautious-journey/data/fgnet_raw/FGNET/images/076A13.JPG,76,13,17.0,7.0,True,0.7477659583091736,False
076A14.JPG,/Users/horganm0/.copilot/repos/copilot-worktrees/age-estimator/horganm0-risk-cautious-journey/data/fgnet_raw/FGNET/images/076A14.JPG,76,14,29.0,17.0,True,0.7652302384376526,False
076A15.JPG,/Users/horganm0/.copilot/repos/copilot-worktrees/age-estimator/horganm0-risk-cautious-journey/data/fgnet_raw/FGNET/images/076A15.JPG,76,15,16.0,4.0,True,0.7739735841751099,True
076A16.JPG,/Users/horganm0/.copilot/repos/copilot-worktrees/age-estimator/horganm0-risk-cautious-journey/data/fgnet_raw/FGNET/images/076A16.JPG,76,16,28.0,8.0,True,0.8164210915565491,True
076A17.JPG,/Users/horganm0/.copilot/repos/copilot-worktrees/age-estimator/horganm0-risk-cautious-journey/data/fgnet_raw/FGNET/images/076A17.JPG,76,17,18.0,4.0,True,0.6766776442527771,False
077A00.JPG,/Users/horganm0/.copilot/repos/copilot-worktrees/age-estimator/horganm0-risk-cautious-journey/data/fgnet_raw/FGNET/images/077A00.JPG,77,0,1.0,1.0,True,0.6947408318519592,False
077A01.JPG,/Users/horganm0/.copilot/repos/copilot-worktrees/age-estimator/horganm0-risk-cautious-journey/data/fgnet_raw/FGNET/images/077A01.JPG,77,1,3.0,1.0,True,0.6647049784660339,False
077A02.JPG,/Users/horganm0/.copilot/repos/copilot-worktrees/age-estimator/horganm0-risk-cautious-journey/data/fgnet_raw/FGNET/images/077A02.JPG,77,2,16.0,42.0,True,0.6788821220397949,False
077A03.JPG,/Users/horganm0/.copilot/repos/copilot-worktrees/age-estimator/horganm0-risk-cautious-journey/data/fgnet_raw/FGNET/images/077A03.JPG,77,3,4.0,2.0,True,0.6746353507041931,False
077A04.JPG,/Users/horganm0/.copilot/repos/copilot-worktrees/age-estimator/horganm0-risk-cautious-journey/data/fgnet_raw/FGNET/images/077A04.JPG,77,4,8.0,2.0,True,0.6207329034805298,False
077A06.JPG,/Users/horganm0/.copilot/repos/copilot-worktrees/age-estimator/horganm0-risk-cautious-journey/data/fgnet_raw/FGNET/images/077A06.JPG,77,6,11.0,6.0,True,0.6539018750190735,False
077A07.JPG,/Users/horganm0/.copilot/repos/copilot-worktrees/age-estimator/horganm0-risk-cautious-journey/data/fgnet_raw/FGNET/images/077A07.JPG,77,7,8.0,1.0,True,0.868642270565033,False
077A08.JPG,/Users/horganm0/.copilot/repos/copilot-worktrees/age-estimator/horganm0-risk-cautious-journey/data/fgnet_raw/FGNET/images/077A08.JPG,77,8,12.0,6.0,True,0.6452896595001221,False
077A09.JPG,/Users/horganm0/.copilot/repos/copilot-worktrees/age-estimator/horganm0-risk-cautious-journey/data/fgnet_raw/FGNET/images/077A09.JPG,77,9,11.0,1.0,True,0.6743264198303223,False
077A10.JPG,/Users/horganm0/.copilot/repos/copilot-worktrees/age-estimator/horganm0-risk-cautious-journey/data/fgnet_raw/FGNET/images/077A10.JPG,77,10,11.0,5.0,True,0.677990198135376,False
077A11.JPG,/Users/horganm0/.copilot/repos/copilot-worktrees/age-estimator/horganm0-risk-cautious-journey/data/fgnet_raw/FGNET/images/077A11.JPG,77,11,16.0,2.0,True,0.713343620300293,False
077A12.JPG,/Users/horganm0/.copilot/repos/copilot-worktrees/age-estimator/horganm0-risk-cautious-journey/data/fgnet_raw/FGNET/images/077A12.JPG,77,12,11.0,5.0,True,0.6356236934661865,False
077A13.JPG,/Users/horganm0/.copilot/repos/copilot-worktrees/age-estimator/horganm0-risk-cautious-journey/data/fgnet_raw/FGNET/images/077A13.JPG,77,13,16.0,1.0,True,0.6768113374710083,False
077A14.JPG,/Users/horganm0/.copilot/repos/copilot-worktrees/age-estimator/horganm0-risk-cautious-journey/data/fgnet_raw/FGNET/images/077A14.JPG,77,14,17.0,10.0,True,0.69312983751297,False
077A15.JPG,/Users/horganm0/.copilot/repos/copilot-worktrees/age-estimator/horganm0-risk-cautious-journey/data/fgnet_raw/FGNET/images/077A15.JPG,77,15,19.0,7.0,True,0.716441810131073,False
077A16.JPG,/Users/horganm0/.copilot/repos/copilot-worktrees/age-estimator/horganm0-risk-cautious-journey/data/fgnet_raw/FGNET/images/077A16.JPG,77,16,15.0,7.0,True,0.6488650441169739,False
078A00.JPG,/Users/horganm0/.copilot/repos/copilot-worktrees/age-estimator/horganm0-risk-cautious-journey/data/fgnet_raw/FGNET/images/078A00.JPG,78,0,1.0,1.0,True,0.7138276696205139,True
078A01.JPG,/Users/horganm0/.copilot/repos/copilot-worktrees/age-estimator/horganm0-risk-cautious-journey/data/fgnet_raw/FGNET/images/078A01.JPG,78,1,3.0,2.0,True,0.7094153761863708,False
078A02.JPG,/Users/horganm0/.copilot/repos/copilot-worktrees/age-estimator/horganm0-risk-cautious-journey/data/fgnet_raw/FGNET/images/078A02.JPG,78,2,5.0,3.0,True,0.6738819479942322,False
078A03.JPG,/Users/horganm0/.copilot/repos/copilot-worktrees/age-estimator/horganm0-risk-cautious-journey/data/fgnet_raw/FGNET/images/078A03.JPG,78,3,8.0,6.0,True,0.572202742099762,False
078A04.JPG,/Users/horganm0/.copilot/repos/copilot-worktrees/age-estimator/horganm0-risk-cautious-journey/data/fgnet_raw/FGNET/images/078A04.JPG,78,4,5.0,2.0,True,1.0097017288208008,True
078A05.JPG,/Users/horganm0/.copilot/repos/copilot-worktrees/age-estimator/horganm0-risk-cautious-journey/data/fgnet_raw/FGNET/images/078A05.JPG,78,5,8.0,2.0,True,0.7255795001983643,False
078A06.JPG,/Users/horganm0/.copilot/repos/copilot-worktrees/age-estimator/horganm0-risk-cautious-journey/data/fgnet_raw/FGNET/images/078A06.JPG,78,6,8.0,2.0,True,0.6877191662788391,False
078A07.JPG,/Users/horganm0/.copilot/repos/copilot-worktrees/age-estimator/horganm0-risk-cautious-journey/data/fgnet_raw/FGNET/images/078A07.JPG,78,7,9.0,8.0,True,0.7082697153091431,True
078A08.JPG,/Users/horganm0/.copilot/repos/copilot-worktrees/age-estimator/horganm0-risk-cautious-journey/data/fgnet_raw/FGNET/images/078A08.JPG,78,8,9.0,3.0,True,0.7484522461891174,False
078A09.JPG,/Users/horganm0/.copilot/repos/copilot-worktrees/age-estimator/horganm0-risk-cautious-journey/data/fgnet_raw/FGNET/images/078A09.JPG,78,9,8.0,2.0,True,0.7683602571487427,True
078A10.JPG,/Users/horganm0/.copilot/repos/copilot-worktrees/age-estimator/horganm0-risk-cautious-journey/data/fgnet_raw/FGNET/images/078A10.JPG,78,10,12.0,7.0,True,0.7205701470375061,False
078A11.JPG,/Users/horganm0/.copilot/repos/copilot-worktrees/age-estimator/horganm0-risk-cautious-journey/data/fgnet_raw/FGNET/images/078A11.JPG,78,11,13.0,6.0,True,0.7017347812652588,False
078A12.JPG,/Users/horganm0/.copilot/repos/copilot-worktrees/age-estimator/horganm0-risk-cautious-journey/data/fgnet_raw/FGNET/images/078A12.JPG,78,12,14.0,4.0,True,0.7462778687477112,False
078A13.JPG,/Users/horganm0/.copilot/repos/copilot-worktrees/age-estimator/horganm0-risk-cautious-journey/data/fgnet_raw/FGNET/images/078A13.JPG,78,13,26.0,17.0,True,0.6980034112930298,False
078A14.JPG,/Users/horganm0/.copilot/repos/copilot-worktrees/age-estimator/horganm0-risk-cautious-journey/data/fgnet_raw/FGNET/images/078A14.JPG,78,14,25.0,23.0,True,0.6349144577980042,False
078A15.JPG,/Users/horganm0/.copilot/repos/copilot-worktrees/age-estimator/horganm0-risk-cautious-journey/data/fgnet_raw/FGNET/images/078A15.JPG,78,15,25.0,6.0,True,0.6728110909461975,False
079A00.JPG,/Users/horganm0/.copilot/repos/copilot-worktrees/age-estimator/horganm0-risk-cautious-journey/data/fgnet_raw/FGNET/images/079A00.JPG,79,0,1.0,1.0,True,0.6982037425041199,False
079A01.JPG,/Users/horganm0/.copilot/repos/copilot-worktrees/age-estimator/horganm0-risk-cautious-journey/data/fgnet_raw/FGNET/images/079A01.JPG,79,1,4.0,1.0,True,0.6787576675415039,False
079A02.JPG,/Users/horganm0/.copilot/repos/copilot-worktrees/age-estimator/horganm0-risk-cautious-journey/data/fgnet_raw/FGNET/images/079A02.JPG,79,2,6.0,4.0,True,0.664812445640564,False
079A03.JPG,/Users/horganm0/.copilot/repos/copilot-worktrees/age-estimator/horganm0-risk-cautious-journey/data/fgnet_raw/FGNET/images/079A03.JPG,79,3,3.0,2.0,True,0.7736021876335144,False
079A04.JPG,/Users/horganm0/.copilot/repos/copilot-worktrees/age-estimator/horganm0-risk-cautious-journey/data/fgnet_raw/FGNET/images/079A04.JPG,79,4,4.0,3.0,True,0.6505208015441895,False
079A05.JPG,/Users/horganm0/.copilot/repos/copilot-worktrees/age-estimator/horganm0-risk-cautious-journey/data/fgnet_raw/FGNET/images/079A05.JPG,79,5,5.0,3.0,True,0.6969969272613525,False
079A06.JPG,/Users/horganm0/.copilot/repos/copilot-worktrees/age-estimator/horganm0-risk-cautious-journey/data/fgnet_raw/FGNET/images/079A06.JPG,79,6,8.0,1.0,True,0.742743968963623,False
079A07.JPG,/Users/horganm0/.copilot/repos/copilot-worktrees/age-estimator/horganm0-risk-cautious-journey/data/fgnet_raw/FGNET/images/079A07.JPG,79,7,8.0,2.0,True,0.7005268931388855,False
079A08.JPG,/Users/horganm0/.copilot/repos/copilot-worktrees/age-estimator/horganm0-risk-cautious-journey/data/fgnet_raw/FGNET/images/079A08.JPG,79,8,9.0,3.0,True,0.6860554218292236,False
079A09.JPG,/Users/horganm0/.copilot/repos/copilot-worktrees/age-estimator/horganm0-risk-cautious-journey/data/fgnet_raw/FGNET/images/079A09.JPG,79,9,8.0,0.0,True,0.7663258910179138,True
079A10.JPG,/Users/horganm0/.copilot/repos/copilot-worktrees/age-estimator/horganm0-risk-cautious-journey/data/fgnet_raw/FGNET/images/079A10.JPG,79,10,8.0,3.0,True,0.6876028776168823,False
079A11.JPG,/Users/horganm0/.copilot/repos/copilot-worktrees/age-estimator/horganm0-risk-cautious-journey/data/fgnet_raw/FGNET/images/079A11.JPG,79,11,22.0,12.0,True,0.7851994633674622,True
079A12.JPG,/Users/horganm0/.copilot/repos/copilot-worktrees/age-estimator/horganm0-risk-cautious-journey/data/fgnet_raw/FGNET/images/079A12.JPG,79,12,14.0,3.0,True,0.7517709136009216,False
079A13.JPG,/Users/horganm0/.copilot/repos/copilot-worktrees/age-estimator/horganm0-risk-cautious-journey/data/fgnet_raw/FGNET/images/079A13.JPG,79,13,14.0,4.0,True,0.7309059500694275,False
080A00.JPG,/Users/horganm0/.copilot/repos/copilot-worktrees/age-estimator/horganm0-risk-cautious-journey/data/fgnet_raw/FGNET/images/080A00.JPG,80,0,1.0,0.0,True,0.7203559279441833,False
080A01.JPG,/Users/horganm0/.copilot/repos/copilot-worktrees/age-estimator/horganm0-risk-cautious-journey/data/fgnet_raw/FGNET/images/080A01.JPG,80,1,3.0,2.0,True,0.6503996253013611,False
080A02.JPG,/Users/horganm0/.copilot/repos/copilot-worktrees/age-estimator/horganm0-risk-cautious-journey/data/fgnet_raw/FGNET/images/080A02.JPG,80,2,4.0,2.0,True,0.620980978012085,False
080A03.JPG,/Users/horganm0/.copilot/repos/copilot-worktrees/age-estimator/horganm0-risk-cautious-journey/data/fgnet_raw/FGNET/images/080A03.JPG,80,3,4.0,2.0,True,0.6903383135795593,False
080A04.JPG,/Users/horganm0/.copilot/repos/copilot-worktrees/age-estimator/horganm0-risk-cautious-journey/data/fgnet_raw/FGNET/images/080A04.JPG,80,4,5.0,4.0,True,0.6737896800041199,False
080A05.JPG,/Users/horganm0/.copilot/repos/copilot-worktrees/age-estimator/horganm0-risk-cautious-journey/data/fgnet_raw/FGNET/images/080A05.JPG,80,5,4.0,3.0,True,0.6964738965034485,False
080A06.JPG,/Users/horganm0/.copilot/repos/copilot-worktrees/age-estimator/horganm0-risk-cautious-journey/data/fgnet_raw/FGNET/images/080A06.JPG,80,6,9.0,3.0,True,0.6361575722694397,False
080A07.JPG,/Users/horganm0/.copilot/repos/copilot-worktrees/age-estimator/horganm0-risk-cautious-journey/data/fgnet_raw/FGNET/images/080A07.JPG,80,7,8.0,2.0,True,0.6251948475837708,False
080A08.JPG,/Users/horganm0/.copilot/repos/copilot-worktrees/age-estimator/horganm0-risk-cautious-journey/data/fgnet_raw/FGNET/images/080A08.JPG,80,8,8.0,6.0,True,0.7008177638053894,False
080A09.JPG,/Users/horganm0/.copilot/repos/copilot-worktrees/age-estimator/horganm0-risk-cautious-journey/data/fgnet_raw/FGNET/images/080A09.JPG,80,9,8.0,4.0,True,0.6817033290863037,False
080A10.JPG,/Users/horganm0/.copilot/repos/copilot-worktrees/age-estimator/horganm0-risk-cautious-journey/data/fgnet_raw/FGNET/images/080A10.JPG,80,10,8.0,1.0,True,0.7236258387565613,False
080A12.JPG,/Users/horganm0/.copilot/repos/copilot-worktrees/age-estimator/horganm0-risk-cautious-journey/data/fgnet_raw/FGNET/images/080A12.JPG,80,12,11.0,6.0,True,0.7280054092407227,False
080A13.JPG,/Users/horganm0/.copilot/repos/copilot-worktrees/age-estimator/horganm0-risk-cautious-journey/data/fgnet_raw/FGNET/images/080A13.JPG,80,13,12.0,4.0,True,0.7649979591369629,True
080A14.JPG,/Users/horganm0/.copilot/repos/copilot-worktrees/age-estimator/horganm0-risk-cautious-journey/data/fgnet_raw/FGNET/images/080A14.JPG,80,14,22.0,17.0,True,0.6752524971961975,False
081A00.JPG,/Users/horganm0/.copilot/repos/copilot-worktrees/age-estimator/horganm0-risk-cautious-journey/data/fgnet_raw/FGNET/images/081A00.JPG,81,0,1.0,0.0,True,0.6665736436843872,False
081A01.JPG,/Users/horganm0/.copilot/repos/copilot-worktrees/age-estimator/horganm0-risk-cautious-journey/data/fgnet_raw/FGNET/images/081A01.JPG,81,1,3.0,1.0,True,0.7124622464179993,True
081A02.JPG,/Users/horganm0/.copilot/repos/copilot-worktrees/age-estimator/horganm0-risk-cautious-journey/data/fgnet_raw/FGNET/images/081A02.JPG,81,2,3.0,1.0,True,0.7363671660423279,True
081A03.JPG,/Users/horganm0/.copilot/repos/copilot-worktrees/age-estimator/horganm0-risk-cautious-journey/data/fgnet_raw/FGNET/images/081A03.JPG,81,3,3.0,2.0,True,0.6783977150917053,False
081A04.JPG,/Users/horganm0/.copilot/repos/copilot-worktrees/age-estimator/horganm0-risk-cautious-journey/data/fgnet_raw/FGNET/images/081A04.JPG,81,4,4.0,3.0,True,0.7461190223693848,True
081A05.JPG,/Users/horganm0/.copilot/repos/copilot-worktrees/age-estimator/horganm0-risk-cautious-journey/data/fgnet_raw/FGNET/images/081A05.JPG,81,5,4.0,4.0,True,0.6563249230384827,False
081A06.JPG,/Users/horganm0/.copilot/repos/copilot-worktrees/age-estimator/horganm0-risk-cautious-journey/data/fgnet_raw/FGNET/images/081A06.JPG,81,6,6.0,3.0,True,0.7007102370262146,False
081A07.JPG,/Users/horganm0/.copilot/repos/copilot-worktrees/age-estimator/horganm0-risk-cautious-journey/data/fgnet_raw/FGNET/images/081A07.JPG,81,7,8.0,2.0,True,0.7449977397918701,False
081A08.JPG,/Users/horganm0/.copilot/repos/copilot-worktrees/age-estimator/horganm0-risk-cautious-journey/data/fgnet_raw/FGNET/images/081A08.JPG,81,8,8.0,1.0,True,0.7446447014808655,False
081A10.JPG,/Users/horganm0/.copilot/repos/copilot-worktrees/age-estimator/horganm0-risk-cautious-journey/data/fgnet_raw/FGNET/images/081A10.JPG,81,10,8.0,4.0,True,0.699104905128479,False
081A11.JPG,/Users/horganm0/.copilot/repos/copilot-worktrees/age-estimator/horganm0-risk-cautious-journey/data/fgnet_raw/FGNET/images/081A11.JPG,81,11,12.0,8.0,True,0.6977058053016663,False
081A12.JPG,/Users/horganm0/.copilot/repos/copilot-worktrees/age-estimator/horganm0-risk-cautious-journey/data/fgnet_raw/FGNET/images/081A12.JPG,81,12,11.0,6.0,True,0.6537114381790161,False
082A00.JPG,/Users/horganm0/.copilot/repos/copilot-worktrees/age-estimator/horganm0-risk-cautious-journey/data/fgnet_raw/FGNET/images/082A00.JPG,82,0,90.0,0.0,False,0.0,False
082A03.JPG,/Users/horganm0/.copilot/repos/copilot-worktrees/age-estimator/horganm0-risk-cautious-journey/data/fgnet_raw/FGNET/images/082A03.JPG,82,3,4.0,1.0,True,0.6613057255744934,False
082A16.JPG,/Users/horganm0/.copilot/repos/copilot-worktrees/age-estimator/horganm0-risk-cautious-journey/data/fgnet_raw/FGNET/images/082A16.JPG,82,16,24.0,7.0,True,0.658316969871521,False
082A18.JPG,/Users/horganm0/.copilot/repos/copilot-worktrees/age-estimator/horganm0-risk-cautious-journey/data/fgnet_raw/FGNET/images/082A18.JPG,82,18,27.0,4.0,True,0.7308498024940491,False
082A20.JPG,/Users/horganm0/.copilot/repos/copilot-worktrees/age-estimator/horganm0-risk-cautious-journey/data/fgnet_raw/FGNET/images/082A20.JPG,82,20,34.0,21.0,True,0.6711226105690002,False
082A21.JPG,/Users/horganm0/.copilot/repos/copilot-worktrees/age-estimator/horganm0-risk-cautious-journey/data/fgnet_raw/FGNET/images/082A21.JPG,82,21,22.0,9.0,True,0.6728731989860535,False
082A22.JPG,/Users/horganm0/.copilot/repos/copilot-worktrees/age-estimator/horganm0-risk-cautious-journey/data/fgnet_raw/FGNET/images/082A22.JPG,82,22,27.0,28.0,True,0.7197041511535645,False
082A23.JPG,/Users/horganm0/.copilot/repos/copilot-worktrees/age-estimator/horganm0-risk-cautious-journey/data/fgnet_raw/FGNET/images/082A23.JPG,82,23,29.0,17.0,True,0.6046348214149475,False
082A25.JPG,/Users/horganm0/.copilot/repos/copilot-worktrees/age-estimator/horganm0-risk-cautious-journey/data/fgnet_raw/FGNET/images/082A25.JPG,82,25,28.0,11.0,True,0.6825867295265198,False
082A27.JPG,/Users/horganm0/.copilot/repos/copilot-worktrees/age-estimator/horganm0-risk-cautious-journey/data/fgnet_raw/FGNET/images/082A27.JPG,82,27,18.0,7.0,True,0.7031735181808472,True
082A31.JPG,/Users/horganm0/.copilot/repos/copilot-worktrees/age-estimator/horganm0-risk-cautious-journey/data/fgnet_raw/FGNET/images/082A31.JPG,82,31,28.0,11.0,True,0.7108368277549744,False
